[
    {
        "File": "Slab_0_(1, 1, 1).cif",
        "Slab Analisis": {
            "Is Symmetric": false,
            "Is Polar": false,
            "Slab Normal": [
                -3.877080336320428e-17,
                -0.774008448220114,
                0.6331752696401612
            ],
            "Slab Shift": 0,
            "Slab Scale Factor": [
                [
                    1,
                    0,
                    0
                ],
                [
                    0,
                    1,
                    0
                ],
                [
                    0,
                    0,
                    1
                ]
            ],
            "Slab Center Of Mass": [
                0.4022382362856609,
                0.40223823628566086,
                0.4999999994206477
            ],
            "Slab Layers": [
                0.29,
                0.3,
                0.31,
                0.32,
                0.33,
                0.34,
                0.35,
                0.36,
                0.37,
                0.38,
                0.39,
                0.4,
                0.41,
                0.42,
                0.43,
                0.44,
                0.46,
                0.47,
                0.48,
                0.49,
                0.5,
                0.51,
                0.53,
                0.54,
                0.55,
                0.56,
                0.57,
                0.58,
                0.59,
                0.6,
                0.61,
                0.62,
                0.63,
                0.64,
                0.65,
                0.66,
                0.67,
                0.68,
                0.69,
                0.71
            ],
            "Top Termination Atoms": [
                "P",
                "P",
                "H",
                "H",
                "H",
                "H",
                "H",
                "H",
                "H",
                "H",
                "H",
                "N",
                "N",
                "O",
                "O",
                "O",
                "O"
            ],
            "Bottom Termination Atoms": [
                "P",
                "H",
                "H",
                "H",
                "H",
                "H",
                "H",
                "H",
                "H",
                "H",
                "N",
                "O",
                "O",
                "O",
                "O",
                "O",
                "O",
                "O"
            ],
            "Surface Sites": {
                "top": [],
                "bottom": []
            },
            "Adsorption Sites": {
                "ontop": [
                    [
                        -7.754160672640856e-17,
                        -1.548016896440228,
                        35.54112294584209
                    ],
                    [
                        8.519353720986173,
                        2.1082005351236015,
                        40.111224617459044
                    ],
                    [
                        13.340415750661409,
                        1.3057924289813523,
                        37.896716874608266
                    ],
                    [
                        3.656217432796755,
                        1.2637181700419806,
                        37.89671659758277
                    ],
                    [
                        14.89651762960839,
                        3.3848708524131226,
                        41.60110658756242
                    ],
                    [
                        12.06374543248053,
                        2.017411942562105,
                        39.86968232385324
                    ],
                    [
                        5.665544395,
                        -1.548016896440228,
                        35.5411229458421
                    ],
                    [
                        10.062953727916618,
                        -1.4079469059184198,
                        34.64457287271759
                    ],
                    [
                        11.191018798204924,
                        2.849392434111331,
                        39.90052050743097
                    ],
                    [
                        6.933679455541549,
                        3.9774575049417527,
                        41.570268473162905
                    ],
                    [
                        11.47115878025324,
                        -0.27988183508799835,
                        36.437672534090055
                    ]
                ],
                "bridge": [
                    [
                        5.294948444169146,
                        2.620587837491869,
                        39.733492535372825
                    ],
                    [
                        4.6608809138983816,
                        -0.14214936319912264,
                        36.71891977171244
                    ],
                    [
                        2.4621762474400697,
                        -0.21218435846002692,
                        36.27064470052945
                    ],
                    [
                        9.132384121999849,
                        4.0474925002026545,
                        42.01854354434588
                    ],
                    [
                        7.726516588263857,
                        3.0428290200326744,
                        40.84074654531097
                    ],
                    [
                        6.087785576891471,
                        1.6859593525827934,
                        39.00397060752092
                    ],
                    [
                        9.995256250619711,
                        0.9141593500178062,
                        38.27444857577456
                    ],
                    [
                        11.331088789229078,
                        1.284755299511666,
                        38.169096520760526
                    ],
                    [
                        9.855186259595536,
                        2.478796484617469,
                        40.005872562445
                    ],
                    [
                        9.925221254722178,
                        3.112864015293578,
                        41.289021616493955
                    ],
                    [
                        11.261053793331547,
                        3.4834599647874516,
                        41.1836695614799
                    ],
                    [
                        7.092449057993095,
                        0.2800918193416866,
                        37.82617378165058
                    ],
                    [
                        2.832772196729091,
                        1.284755299511674,
                        37.89671673609551
                    ],
                    [
                        1.638731011372402,
                        -0.19114722899033687,
                        36.270644839042205
                    ],
                    [
                        11.697417110469353,
                        3.0674697190128333,
                        41.16825046969105
                    ],
                    [
                        13.480131531044456,
                        2.7011413974876133,
                        40.73539445570783
                    ],
                    [
                        13.113803209033279,
                        3.7511991739383417,
                        42.03396260154565
                    ],
                    [
                        15.312507875491587,
                        3.8212341691992444,
                        41.585687564983395
                    ],
                    [
                        7.864249061458315,
                        -1.4779819011793216,
                        35.09284790927984
                    ],
                    [
                        13.525525827638639,
                        1.6405650563020446,
                        38.88319946071801
                    ],
                    [
                        14.941911926202563,
                        2.324294511227553,
                        39.74891159257259
                    ],
                    [
                        15.357902172085765,
                        2.7606578280136764,
                        39.73349256999356
                    ],
                    [
                        10.697021258958308,
                        -1.477981901179323,
                        35.09284790927984
                    ],
                    [
                        11.331088789999995,
                        -1.548016896440223,
                        34.64457283809685
                    ],
                    [
                        11.627382115342717,
                        2.4334021883367223,
                        39.885101415642104
                    ],
                    [
                        12.702080591570972,
                        1.6616021857717354,
                        38.883199599230764
                    ],
                    [
                        11.767452106366882,
                        0.868765053737057,
                        38.15367742897163
                    ],
                    [
                        12.405787265457331,
                        0.5129552969466789,
                        37.167194704349164
                    ],
                    [
                        6.299611924499858,
                        4.0474925002026545,
                        42.01854354434588
                    ],
                    [
                        10.76705625408494,
                        -0.8439143705032047,
                        35.54112270340383
                    ],
                    [
                        11.40112378512663,
                        -0.9139493657641136,
                        35.98939773996605
                    ],
                    [
                        0.7041025261683048,
                        -0.9839843610250151,
                        35.541122668783075
                    ],
                    [
                        8.56835158762663,
                        -0.9139493657641136,
                        35.98939773996607
                    ]
                ],
                "hollow": [
                    [
                        3.5299656299600515,
                        -0.6574618711200955,
                        36.02747078230033
                    ],
                    [
                        6.369750203108159,
                        2.4497920700357803,
                        39.85940322940157
                    ],
                    [
                        10.393843766481448,
                        1.5592370447156474,
                        38.81647255299335
                    ],
                    [
                        8.928040654995304,
                        3.4010618451763017,
                        41.382770568716936
                    ],
                    [
                        5.947038516260992,
                        0.607967269575117,
                        37.849688053627965
                    ],
                    [
                        12.763783950182361,
                        3.173270096812929,
                        41.31253584231484
                    ],
                    [
                        13.98252309496189,
                        2.222000321672402,
                        39.78916850299948
                    ],
                    [
                        8.552018965413131,
                        0.0934339345317885,
                        37.363340032463725
                    ]
                ],
                "all": [
                    [
                        -7.754160672640856e-17,
                        -1.548016896440228,
                        35.54112294584209
                    ],
                    [
                        8.519353720986173,
                        2.1082005351236015,
                        40.111224617459044
                    ],
                    [
                        13.340415750661409,
                        1.3057924289813523,
                        37.896716874608266
                    ],
                    [
                        3.656217432796755,
                        1.2637181700419806,
                        37.89671659758277
                    ],
                    [
                        14.89651762960839,
                        3.3848708524131226,
                        41.60110658756242
                    ],
                    [
                        12.06374543248053,
                        2.017411942562105,
                        39.86968232385324
                    ],
                    [
                        5.665544395,
                        -1.548016896440228,
                        35.5411229458421
                    ],
                    [
                        10.062953727916618,
                        -1.4079469059184198,
                        34.64457287271759
                    ],
                    [
                        11.191018798204924,
                        2.849392434111331,
                        39.90052050743097
                    ],
                    [
                        6.933679455541549,
                        3.9774575049417527,
                        41.570268473162905
                    ],
                    [
                        11.47115878025324,
                        -0.27988183508799835,
                        36.437672534090055
                    ],
                    [
                        5.294948444169146,
                        2.620587837491869,
                        39.733492535372825
                    ],
                    [
                        4.6608809138983816,
                        -0.14214936319912264,
                        36.71891977171244
                    ],
                    [
                        2.4621762474400697,
                        -0.21218435846002692,
                        36.27064470052945
                    ],
                    [
                        9.132384121999849,
                        4.0474925002026545,
                        42.01854354434588
                    ],
                    [
                        7.726516588263857,
                        3.0428290200326744,
                        40.84074654531097
                    ],
                    [
                        6.087785576891471,
                        1.6859593525827934,
                        39.00397060752092
                    ],
                    [
                        9.995256250619711,
                        0.9141593500178062,
                        38.27444857577456
                    ],
                    [
                        11.331088789229078,
                        1.284755299511666,
                        38.169096520760526
                    ],
                    [
                        9.855186259595536,
                        2.478796484617469,
                        40.005872562445
                    ],
                    [
                        9.925221254722178,
                        3.112864015293578,
                        41.289021616493955
                    ],
                    [
                        11.261053793331547,
                        3.4834599647874516,
                        41.1836695614799
                    ],
                    [
                        7.092449057993095,
                        0.2800918193416866,
                        37.82617378165058
                    ],
                    [
                        2.832772196729091,
                        1.284755299511674,
                        37.89671673609551
                    ],
                    [
                        1.638731011372402,
                        -0.19114722899033687,
                        36.270644839042205
                    ],
                    [
                        11.697417110469353,
                        3.0674697190128333,
                        41.16825046969105
                    ],
                    [
                        13.480131531044456,
                        2.7011413974876133,
                        40.73539445570783
                    ],
                    [
                        13.113803209033279,
                        3.7511991739383417,
                        42.03396260154565
                    ],
                    [
                        15.312507875491587,
                        3.8212341691992444,
                        41.585687564983395
                    ],
                    [
                        7.864249061458315,
                        -1.4779819011793216,
                        35.09284790927984
                    ],
                    [
                        13.525525827638639,
                        1.6405650563020446,
                        38.88319946071801
                    ],
                    [
                        14.941911926202563,
                        2.324294511227553,
                        39.74891159257259
                    ],
                    [
                        15.357902172085765,
                        2.7606578280136764,
                        39.73349256999356
                    ],
                    [
                        10.697021258958308,
                        -1.477981901179323,
                        35.09284790927984
                    ],
                    [
                        11.331088789999995,
                        -1.548016896440223,
                        34.64457283809685
                    ],
                    [
                        11.627382115342717,
                        2.4334021883367223,
                        39.885101415642104
                    ],
                    [
                        12.702080591570972,
                        1.6616021857717354,
                        38.883199599230764
                    ],
                    [
                        11.767452106366882,
                        0.868765053737057,
                        38.15367742897163
                    ],
                    [
                        12.405787265457331,
                        0.5129552969466789,
                        37.167194704349164
                    ],
                    [
                        6.299611924499858,
                        4.0474925002026545,
                        42.01854354434588
                    ],
                    [
                        10.76705625408494,
                        -0.8439143705032047,
                        35.54112270340383
                    ],
                    [
                        11.40112378512663,
                        -0.9139493657641136,
                        35.98939773996605
                    ],
                    [
                        0.7041025261683048,
                        -0.9839843610250151,
                        35.541122668783075
                    ],
                    [
                        8.56835158762663,
                        -0.9139493657641136,
                        35.98939773996607
                    ],
                    [
                        3.5299656299600515,
                        -0.6574618711200955,
                        36.02747078230033
                    ],
                    [
                        6.369750203108159,
                        2.4497920700357803,
                        39.85940322940157
                    ],
                    [
                        10.393843766481448,
                        1.5592370447156474,
                        38.81647255299335
                    ],
                    [
                        8.928040654995304,
                        3.4010618451763017,
                        41.382770568716936
                    ],
                    [
                        5.947038516260992,
                        0.607967269575117,
                        37.849688053627965
                    ],
                    [
                        12.763783950182361,
                        3.173270096812929,
                        41.31253584231484
                    ],
                    [
                        13.98252309496189,
                        2.222000321672402,
                        39.78916850299948
                    ],
                    [
                        8.552018965413131,
                        0.0934339345317885,
                        37.363340032463725
                    ]
                ]
            },
            "Surface Area": 101.3886511784201
        }
    },
    {
        "File": "Slab_1_(1, 1, 1).cif",
        "Slab Analisis": {
            "Is Symmetric": false,
            "Is Polar": false,
            "Slab Normal": [
                -3.877080336320428e-17,
                -0.774008448220114,
                0.6331752696401612
            ],
            "Slab Shift": 0,
            "Slab Scale Factor": [
                [
                    1,
                    0,
                    0
                ],
                [
                    0,
                    1,
                    0
                ],
                [
                    0,
                    0,
                    1
                ]
            ],
            "Slab Center Of Mass": [
                0.4022382362856609,
                0.40223823628566086,
                0.5000000001556852
            ],
            "Slab Layers": [
                0.29,
                0.3,
                0.31,
                0.32,
                0.33,
                0.34,
                0.35,
                0.36,
                0.37,
                0.38,
                0.39,
                0.4,
                0.41,
                0.42,
                0.43,
                0.44,
                0.46,
                0.47,
                0.48,
                0.49,
                0.5,
                0.51,
                0.53,
                0.54,
                0.55,
                0.56,
                0.57,
                0.58,
                0.59,
                0.6,
                0.61,
                0.62,
                0.63,
                0.64,
                0.65,
                0.66,
                0.67,
                0.68,
                0.69,
                0.71
            ],
            "Top Termination Atoms": [
                "P",
                "P",
                "H",
                "H",
                "H",
                "H",
                "H",
                "H",
                "H",
                "H",
                "H",
                "H",
                "N",
                "N",
                "O",
                "O",
                "O",
                "O"
            ],
            "Bottom Termination Atoms": [
                "P",
                "H",
                "H",
                "H",
                "H",
                "H",
                "H",
                "H",
                "H",
                "N",
                "O",
                "O",
                "O",
                "O",
                "O",
                "O",
                "O",
                "O"
            ],
            "Surface Sites": {
                "top": [],
                "bottom": []
            },
            "Adsorption Sites": {
                "ontop": [
                    [
                        -7.754160672640856e-17,
                        -1.548016896440228,
                        35.52595068582391
                    ],
                    [
                        8.519353720986173,
                        2.1082005351236015,
                        40.09605235744087
                    ],
                    [
                        11.352125918163445,
                        3.294082259851625,
                        41.82747648264619
                    ],
                    [
                        14.89651762960839,
                        3.3848708524131226,
                        41.58593432754424
                    ],
                    [
                        12.06374543248053,
                        2.017411942562105,
                        39.854510548633755
                    ],
                    [
                        5.665544395,
                        -1.548016896440228,
                        35.52595068582391
                    ],
                    [
                        11.191018798204924,
                        2.849392434111331,
                        39.88534824741278
                    ],
                    [
                        6.933679455541549,
                        3.9774575049417527,
                        41.555096697943405
                    ],
                    [
                        11.47115878025324,
                        -0.27988183508799835,
                        36.42250075887058
                    ]
                ],
                "bridge": [
                    [
                        8.56835158762663,
                        -0.9139493657641136,
                        35.97422572234722
                    ],
                    [
                        9.995256250619718,
                        0.9141593500178062,
                        38.25927655815571
                    ],
                    [
                        7.092449057993095,
                        0.2800918193416866,
                        37.81100152163239
                    ],
                    [
                        9.142902686852501,
                        3.635769882396694,
                        41.6912865902948
                    ],
                    [
                        7.726516588263868,
                        3.0428290200326744,
                        40.82557452769213
                    ],
                    [
                        9.935739819574792,
                        2.7011413974876106,
                        40.96176442004353
                    ],
                    [
                        6.042391280297283,
                        2.7465356937683634,
                        40.84099334249255
                    ],
                    [
                        4.615486617304194,
                        0.9184269779864487,
                        38.555942506684076
                    ],
                    [
                        3.19910051874027,
                        0.23469752306094271,
                        37.690230617228835
                    ],
                    [
                        2.902807192626614,
                        -0.9139493657641136,
                        35.974225722347235
                    ],
                    [
                        10.351066008201734,
                        -1.2802776872893298,
                        35.541369708364016
                    ],
                    [
                        13.113803209033275,
                        3.7511991739383417,
                        42.018790341527456
                    ],
                    [
                        11.767452106366882,
                        0.868765053737057,
                        38.13850565375216
                    ],
                    [
                        5.249554147574971,
                        3.6811641786774434,
                        41.57051551274382
                    ],
                    [
                        13.124321773885917,
                        3.3394765561323725,
                        41.70670540509522
                    ],
                    [
                        11.707935675321993,
                        2.6557471012068676,
                        40.84099351563997
                    ],
                    [
                        13.48013153104447,
                        2.7011413974876186,
                        40.720222438088996
                    ],
                    [
                        0.7041025261683084,
                        -0.9839843610250164,
                        35.5259508935636
                    ],
                    [
                        11.627382115342723,
                        2.4334021883367196,
                        39.86992939802325
                    ],
                    [
                        11.331088789229085,
                        1.2847552995116678,
                        38.15392450314165
                    ],
                    [
                        9.855186259595547,
                        2.478796484617469,
                        39.99070030242682
                    ],
                    [
                        11.401123785126623,
                        -0.9139493657641136,
                        35.974225722347214
                    ],
                    [
                        15.946575406533277,
                        3.7511991739383417,
                        42.018790341527456
                    ],
                    [
                        6.299611924499848,
                        4.0474925002026545,
                        42.003371526727044
                    ],
                    [
                        11.341607353310811,
                        3.705804877657596,
                        42.13956141907841
                    ],
                    [
                        9.132384121999849,
                        4.0474925002026545,
                        42.003371526727044
                    ],
                    [
                        11.27157235818418,
                        3.071737346981478,
                        40.85641236502948
                    ]
                ],
                "hollow": [
                    [
                        8.552018965413131,
                        0.0934339345317885,
                        37.34816793404513
                    ],
                    [
                        8.935053031563712,
                        3.1265800999723297,
                        41.15954184601016
                    ],
                    [
                        5.916775651864851,
                        1.3150181636988323,
                        39.06931245693633
                    ],
                    [
                        3.3212099590296402,
                        1.284755299511666,
                        38.98879852066729
                    ],
                    [
                        12.770796326750784,
                        2.898788351608953,
                        41.089307119608065
                    ],
                    [
                        10.393843766481442,
                        1.5592370447156456,
                        38.801300454574736
                    ],
                    [
                        9.872298054054387,
                        3.796355753418978,
                        41.944739845366755
                    ]
                ],
                "all": [
                    [
                        -7.754160672640856e-17,
                        -1.548016896440228,
                        35.52595068582391
                    ],
                    [
                        8.519353720986173,
                        2.1082005351236015,
                        40.09605235744087
                    ],
                    [
                        11.352125918163445,
                        3.294082259851625,
                        41.82747648264619
                    ],
                    [
                        14.89651762960839,
                        3.3848708524131226,
                        41.58593432754424
                    ],
                    [
                        12.06374543248053,
                        2.017411942562105,
                        39.854510548633755
                    ],
                    [
                        5.665544395,
                        -1.548016896440228,
                        35.52595068582391
                    ],
                    [
                        11.191018798204924,
                        2.849392434111331,
                        39.88534824741278
                    ],
                    [
                        6.933679455541549,
                        3.9774575049417527,
                        41.555096697943405
                    ],
                    [
                        11.47115878025324,
                        -0.27988183508799835,
                        36.42250075887058
                    ],
                    [
                        8.56835158762663,
                        -0.9139493657641136,
                        35.97422572234722
                    ],
                    [
                        9.995256250619718,
                        0.9141593500178062,
                        38.25927655815571
                    ],
                    [
                        7.092449057993095,
                        0.2800918193416866,
                        37.81100152163239
                    ],
                    [
                        9.142902686852501,
                        3.635769882396694,
                        41.6912865902948
                    ],
                    [
                        7.726516588263868,
                        3.0428290200326744,
                        40.82557452769213
                    ],
                    [
                        9.935739819574792,
                        2.7011413974876106,
                        40.96176442004353
                    ],
                    [
                        6.042391280297283,
                        2.7465356937683634,
                        40.84099334249255
                    ],
                    [
                        4.615486617304194,
                        0.9184269779864487,
                        38.555942506684076
                    ],
                    [
                        3.19910051874027,
                        0.23469752306094271,
                        37.690230617228835
                    ],
                    [
                        2.902807192626614,
                        -0.9139493657641136,
                        35.974225722347235
                    ],
                    [
                        10.351066008201734,
                        -1.2802776872893298,
                        35.541369708364016
                    ],
                    [
                        13.113803209033275,
                        3.7511991739383417,
                        42.018790341527456
                    ],
                    [
                        11.767452106366882,
                        0.868765053737057,
                        38.13850565375216
                    ],
                    [
                        5.249554147574971,
                        3.6811641786774434,
                        41.57051551274382
                    ],
                    [
                        13.124321773885917,
                        3.3394765561323725,
                        41.70670540509522
                    ],
                    [
                        11.707935675321993,
                        2.6557471012068676,
                        40.84099351563997
                    ],
                    [
                        13.48013153104447,
                        2.7011413974876186,
                        40.720222438088996
                    ],
                    [
                        0.7041025261683084,
                        -0.9839843610250164,
                        35.5259508935636
                    ],
                    [
                        11.627382115342723,
                        2.4334021883367196,
                        39.86992939802325
                    ],
                    [
                        11.331088789229085,
                        1.2847552995116678,
                        38.15392450314165
                    ],
                    [
                        9.855186259595547,
                        2.478796484617469,
                        39.99070030242682
                    ],
                    [
                        11.401123785126623,
                        -0.9139493657641136,
                        35.974225722347214
                    ],
                    [
                        15.946575406533277,
                        3.7511991739383417,
                        42.018790341527456
                    ],
                    [
                        6.299611924499848,
                        4.0474925002026545,
                        42.003371526727044
                    ],
                    [
                        11.341607353310811,
                        3.705804877657596,
                        42.13956141907841
                    ],
                    [
                        9.132384121999849,
                        4.0474925002026545,
                        42.003371526727044
                    ],
                    [
                        11.27157235818418,
                        3.071737346981478,
                        40.85641236502948
                    ],
                    [
                        8.552018965413131,
                        0.0934339345317885,
                        37.34816793404513
                    ],
                    [
                        8.935053031563712,
                        3.1265800999723297,
                        41.15954184601016
                    ],
                    [
                        5.916775651864851,
                        1.3150181636988323,
                        39.06931245693633
                    ],
                    [
                        3.3212099590296402,
                        1.284755299511666,
                        38.98879852066729
                    ],
                    [
                        12.770796326750784,
                        2.898788351608953,
                        41.089307119608065
                    ],
                    [
                        10.393843766481442,
                        1.5592370447156456,
                        38.801300454574736
                    ],
                    [
                        9.872298054054387,
                        3.796355753418978,
                        41.944739845366755
                    ]
                ]
            },
            "Surface Area": 101.3886511784201
        }
    },
    {
        "File": "Slab_2_(1, 1, 1).cif",
        "Slab Analisis": {
            "Is Symmetric": false,
            "Is Polar": false,
            "Slab Normal": [
                -3.877080336320428e-17,
                -0.774008448220114,
                0.6331752696401612
            ],
            "Slab Shift": 0,
            "Slab Scale Factor": [
                [
                    1,
                    0,
                    0
                ],
                [
                    0,
                    1,
                    0
                ],
                [
                    0,
                    0,
                    1
                ]
            ],
            "Slab Center Of Mass": [
                0.4022382362856609,
                0.40223823628566086,
                0.5000000006191254
            ],
            "Slab Layers": [
                0.29,
                0.3,
                0.31,
                0.32,
                0.33,
                0.34,
                0.35,
                0.36,
                0.37,
                0.38,
                0.39,
                0.4,
                0.41,
                0.42,
                0.43,
                0.45,
                0.46,
                0.47,
                0.48,
                0.49,
                0.5,
                0.52,
                0.53,
                0.54,
                0.55,
                0.56,
                0.57,
                0.58,
                0.59,
                0.6,
                0.61,
                0.62,
                0.63,
                0.64,
                0.65,
                0.66,
                0.67,
                0.68,
                0.7,
                0.71
            ],
            "Top Termination Atoms": [
                "P",
                "H",
                "H",
                "H",
                "H",
                "H",
                "H",
                "H",
                "H",
                "H",
                "H",
                "H",
                "N",
                "O",
                "O",
                "O",
                "O",
                "O",
                "O"
            ],
            "Bottom Termination Atoms": [
                "P",
                "H",
                "H",
                "H",
                "H",
                "H",
                "H",
                "N",
                "O",
                "O",
                "O",
                "O",
                "O",
                "O"
            ],
            "Surface Sites": {
                "top": [],
                "bottom": []
            },
            "Adsorption Sites": {
                "ontop": [
                    [
                        -7.754160672640856e-17,
                        -1.548016896440228,
                        35.01394508605389
                    ],
                    [
                        8.519353720986173,
                        2.1082005351236015,
                        39.58404675767084
                    ],
                    [
                        11.352125918163445,
                        3.294082259851625,
                        41.31547039807745
                    ],
                    [
                        10.507643552401944,
                        4.096490365993875,
                        42.563810697908806
                    ],
                    [
                        6.488989631056222,
                        -1.5269797669705427,
                        35.63811482044884
                    ],
                    [
                        14.89651762960839,
                        3.3848708524131226,
                        41.07392872777421
                    ],
                    [
                        12.06374543248053,
                        2.017411942562105,
                        39.34250494886372
                    ],
                    [
                        5.665544395,
                        -1.548016896440228,
                        35.013945086053894
                    ],
                    [
                        8.638386582672553,
                        0.016620238159436473,
                        37.641918453271536
                    ],
                    [
                        4.100907258736228,
                        1.424825290033475,
                        39.31166697304363
                    ],
                    [
                        11.47115878025324,
                        -0.27988183508799835,
                        35.91049467430185
                    ]
                ],
                "bridge": [
                    [
                        10.054772681462904,
                        -0.1316307984642786,
                        36.7762065637867
                    ],
                    [
                        11.767452106366882,
                        0.868765053737057,
                        37.62649981158279
                    ],
                    [
                        10.351066007576545,
                        1.0170160903607781,
                        38.49221170106763
                    ],
                    [
                        10.291549576733354,
                        2.062806238842855,
                        39.463275853267284
                    ],
                    [
                        8.57887015182937,
                        1.062410386641522,
                        38.61298260547118
                    ],
                    [
                        7.563688106864388,
                        -0.7551797644055497,
                        36.640016636860175
                    ],
                    [
                        6.369646920704378,
                        0.7207227640964582,
                        38.47679271315758
                    ],
                    [
                        5.294948444896217,
                        -0.05107723846853118,
                        37.474890896746246
                    ],
                    [
                        10.351066008201734,
                        -1.2802776872893298,
                        35.02936386619464
                    ],
                    [
                        8.934679909411393,
                        -1.132026650665614,
                        35.89507575567948
                    ],
                    [
                        7.0924490572221774,
                        3.112864015293578,
                        40.76184375670574
                    ],
                    [
                        9.513498636694063,
                        3.1023454505587402,
                        41.07392872778983
                    ],
                    [
                        8.086593972930057,
                        4.107008930728723,
                        42.25172572682474
                    ],
                    [
                        6.310130489861198,
                        1.7665129125785384,
                        39.44785686535723
                    ],
                    [
                        4.471503208840001,
                        -0.07211436793821502,
                        37.47489100063284
                    ],
                    [
                        11.331088788458164,
                        4.117527495463557,
                        42.56381059402221
                    ],
                    [
                        13.124321773885917,
                        3.3394765561323725,
                        41.194699562925834
                    ],
                    [
                        11.707935675321993,
                        2.6557471012068676,
                        40.328987673470586
                    ],
                    [
                        13.48013153104447,
                        2.7011413974876186,
                        40.20821683831896
                    ],
                    [
                        13.747870740608388,
                        1.7211186162977936,
                        39.32708596095366
                    ],
                    [
                        15.164256839172307,
                        2.404848071223296,
                        40.19279785040893
                    ],
                    [
                        11.401123785126623,
                        -0.9139493657641136,
                        35.46221988017788
                    ],
                    [
                        15.946575406533277,
                        3.7511991739383417,
                        41.50678474175744
                    ],
                    [
                        4.88322582609719,
                        2.771176392748518,
                        40.625653864392135
                    ],
                    [
                        9.935739819574813,
                        2.7011413974876106,
                        40.449758577874135
                    ],
                    [
                        10.929884735282693,
                        3.6952863129227556,
                        41.93964054799313
                    ],
                    [
                        2.1204886244947376,
                        0.5724717274727402,
                        37.61108082367274
                    ],
                    [
                        2.491084574598506,
                        -0.9244679304989567,
                        35.77430485126194
                    ],
                    [
                        13.525525827061369,
                        3.761717738673185,
                        41.81886960895491
                    ],
                    [
                        11.75332997133891,
                        3.7163234423924374,
                        41.93964044410654
                    ],
                    [
                        6.077267013028097,
                        -1.537498331705385,
                        35.32602995325137
                    ],
                    [
                        11.341607353310803,
                        3.705804877657596,
                        41.62755557690904
                    ],
                    [
                        10.91936617043005,
                        4.1070089307287185,
                        42.251725726824745
                    ]
                ],
                "hollow": [
                    [
                        10.724430265135442,
                        0.5847167818778567,
                        37.63163935881237
                    ],
                    [
                        9.740495245379758,
                        1.380744238615052,
                        38.85615671993536
                    ],
                    [
                        6.409427824154982,
                        -0.02851141292587589,
                        37.53056674892131
                    ],
                    [
                        9.780172866358678,
                        -0.8479783788064058,
                        35.90021539522026
                    ],
                    [
                        8.230847222282094,
                        3.440739465527014,
                        41.362499403773434
                    ],
                    [
                        7.0862158541316465,
                        1.1832153544388355,
                        38.84587739466201
                    ],
                    [
                        12.770796326750805,
                        2.898788351608953,
                        40.57730135823847
                    ],
                    [
                        14.130753036941705,
                        2.2757026950028996,
                        39.909366883227186
                    ],
                    [
                        6.095268457726848,
                        2.5501844402068814,
                        40.27845149548506
                    ],
                    [
                        10.64507502387671,
                        2.4732315791791155,
                        40.080674034870654
                    ],
                    [
                        3.0276921359777464,
                        -0.14137019032147813,
                        36.953425558522504
                    ],
                    [
                        8.119449816626332,
                        -1.263677689433924,
                        35.8094221106026
                    ],
                    [
                        12.801059190762063,
                        3.605839245732664,
                        41.65106987199575
                    ],
                    [
                        1.6607230497323355,
                        -1.1323175858127088,
                        35.520851596192564
                    ]
                ],
                "all": [
                    [
                        -7.754160672640856e-17,
                        -1.548016896440228,
                        35.01394508605389
                    ],
                    [
                        8.519353720986173,
                        2.1082005351236015,
                        39.58404675767084
                    ],
                    [
                        11.352125918163445,
                        3.294082259851625,
                        41.31547039807745
                    ],
                    [
                        10.507643552401944,
                        4.096490365993875,
                        42.563810697908806
                    ],
                    [
                        6.488989631056222,
                        -1.5269797669705427,
                        35.63811482044884
                    ],
                    [
                        14.89651762960839,
                        3.3848708524131226,
                        41.07392872777421
                    ],
                    [
                        12.06374543248053,
                        2.017411942562105,
                        39.34250494886372
                    ],
                    [
                        5.665544395,
                        -1.548016896440228,
                        35.013945086053894
                    ],
                    [
                        8.638386582672553,
                        0.016620238159436473,
                        37.641918453271536
                    ],
                    [
                        4.100907258736228,
                        1.424825290033475,
                        39.31166697304363
                    ],
                    [
                        11.47115878025324,
                        -0.27988183508799835,
                        35.91049467430185
                    ],
                    [
                        10.054772681462904,
                        -0.1316307984642786,
                        36.7762065637867
                    ],
                    [
                        11.767452106366882,
                        0.868765053737057,
                        37.62649981158279
                    ],
                    [
                        10.351066007576545,
                        1.0170160903607781,
                        38.49221170106763
                    ],
                    [
                        10.291549576733354,
                        2.062806238842855,
                        39.463275853267284
                    ],
                    [
                        8.57887015182937,
                        1.062410386641522,
                        38.61298260547118
                    ],
                    [
                        7.563688106864388,
                        -0.7551797644055497,
                        36.640016636860175
                    ],
                    [
                        6.369646920704378,
                        0.7207227640964582,
                        38.47679271315758
                    ],
                    [
                        5.294948444896217,
                        -0.05107723846853118,
                        37.474890896746246
                    ],
                    [
                        10.351066008201734,
                        -1.2802776872893298,
                        35.02936386619464
                    ],
                    [
                        8.934679909411393,
                        -1.132026650665614,
                        35.89507575567948
                    ],
                    [
                        7.0924490572221774,
                        3.112864015293578,
                        40.76184375670574
                    ],
                    [
                        9.513498636694063,
                        3.1023454505587402,
                        41.07392872778983
                    ],
                    [
                        8.086593972930057,
                        4.107008930728723,
                        42.25172572682474
                    ],
                    [
                        6.310130489861198,
                        1.7665129125785384,
                        39.44785686535723
                    ],
                    [
                        4.471503208840001,
                        -0.07211436793821502,
                        37.47489100063284
                    ],
                    [
                        11.331088788458164,
                        4.117527495463557,
                        42.56381059402221
                    ],
                    [
                        13.124321773885917,
                        3.3394765561323725,
                        41.194699562925834
                    ],
                    [
                        11.707935675321993,
                        2.6557471012068676,
                        40.328987673470586
                    ],
                    [
                        13.48013153104447,
                        2.7011413974876186,
                        40.20821683831896
                    ],
                    [
                        13.747870740608388,
                        1.7211186162977936,
                        39.32708596095366
                    ],
                    [
                        15.164256839172307,
                        2.404848071223296,
                        40.19279785040893
                    ],
                    [
                        11.401123785126623,
                        -0.9139493657641136,
                        35.46221988017788
                    ],
                    [
                        15.946575406533277,
                        3.7511991739383417,
                        41.50678474175744
                    ],
                    [
                        4.88322582609719,
                        2.771176392748518,
                        40.625653864392135
                    ],
                    [
                        9.935739819574813,
                        2.7011413974876106,
                        40.449758577874135
                    ],
                    [
                        10.929884735282693,
                        3.6952863129227556,
                        41.93964054799313
                    ],
                    [
                        2.1204886244947376,
                        0.5724717274727402,
                        37.61108082367274
                    ],
                    [
                        2.491084574598506,
                        -0.9244679304989567,
                        35.77430485126194
                    ],
                    [
                        13.525525827061369,
                        3.761717738673185,
                        41.81886960895491
                    ],
                    [
                        11.75332997133891,
                        3.7163234423924374,
                        41.93964044410654
                    ],
                    [
                        6.077267013028097,
                        -1.537498331705385,
                        35.32602995325137
                    ],
                    [
                        11.341607353310803,
                        3.705804877657596,
                        41.62755557690904
                    ],
                    [
                        10.91936617043005,
                        4.1070089307287185,
                        42.251725726824745
                    ],
                    [
                        10.724430265135442,
                        0.5847167818778567,
                        37.63163935881237
                    ],
                    [
                        9.740495245379758,
                        1.380744238615052,
                        38.85615671993536
                    ],
                    [
                        6.409427824154982,
                        -0.02851141292587589,
                        37.53056674892131
                    ],
                    [
                        9.780172866358678,
                        -0.8479783788064058,
                        35.90021539522026
                    ],
                    [
                        8.230847222282094,
                        3.440739465527014,
                        41.362499403773434
                    ],
                    [
                        7.0862158541316465,
                        1.1832153544388355,
                        38.84587739466201
                    ],
                    [
                        12.770796326750805,
                        2.898788351608953,
                        40.57730135823847
                    ],
                    [
                        14.130753036941705,
                        2.2757026950028996,
                        39.909366883227186
                    ],
                    [
                        6.095268457726848,
                        2.5501844402068814,
                        40.27845149548506
                    ],
                    [
                        10.64507502387671,
                        2.4732315791791155,
                        40.080674034870654
                    ],
                    [
                        3.0276921359777464,
                        -0.14137019032147813,
                        36.953425558522504
                    ],
                    [
                        8.119449816626332,
                        -1.263677689433924,
                        35.8094221106026
                    ],
                    [
                        12.801059190762063,
                        3.605839245732664,
                        41.65106987199575
                    ],
                    [
                        1.6607230497323355,
                        -1.1323175858127088,
                        35.520851596192564
                    ]
                ]
            },
            "Surface Area": 101.3886511784201
        }
    },
    {
        "File": "Slab_3_(1, 1, 1).cif",
        "Slab Analisis": {
            "Is Symmetric": false,
            "Is Polar": false,
            "Slab Normal": [
                -3.877080336320428e-17,
                -0.774008448220114,
                0.6331752696401612
            ],
            "Slab Shift": 0,
            "Slab Scale Factor": [
                [
                    1,
                    0,
                    0
                ],
                [
                    0,
                    1,
                    0
                ],
                [
                    0,
                    0,
                    1
                ]
            ],
            "Slab Center Of Mass": [
                0.4022382362856609,
                0.40223823628566086,
                0.49999999997483163
            ],
            "Slab Layers": [
                0.29,
                0.3,
                0.31,
                0.32,
                0.33,
                0.34,
                0.35,
                0.36,
                0.37,
                0.38,
                0.39,
                0.4,
                0.41,
                0.42,
                0.44,
                0.45,
                0.46,
                0.47,
                0.48,
                0.49,
                0.51,
                0.52,
                0.53,
                0.54,
                0.55,
                0.56,
                0.57,
                0.58,
                0.59,
                0.6,
                0.61,
                0.62,
                0.63,
                0.64,
                0.65,
                0.66,
                0.67,
                0.69,
                0.7,
                0.71
            ],
            "Top Termination Atoms": [
                "P",
                "H",
                "H",
                "H",
                "H",
                "H",
                "H",
                "H",
                "H",
                "N",
                "O",
                "O",
                "O",
                "O",
                "O",
                "O",
                "O",
                "O"
            ],
            "Bottom Termination Atoms": [
                "P",
                "P",
                "H",
                "H",
                "H",
                "H",
                "H",
                "H",
                "H",
                "H",
                "H",
                "H",
                "H",
                "H",
                "N",
                "N",
                "O",
                "O",
                "O",
                "O"
            ],
            "Surface Sites": {
                "top": [],
                "bottom": []
            },
            "Adsorption Sites": {
                "ontop": [
                    [
                        -7.754160672640856e-17,
                        -1.548016896440228,
                        34.53228303672282
                    ],
                    [
                        8.519353720986173,
                        2.1082005351236015,
                        39.102384708339784
                    ],
                    [
                        11.352125918163445,
                        3.294082259851625,
                        40.83380883354509
                    ],
                    [
                        10.507643552401944,
                        4.096490365993875,
                        42.08214864857776
                    ],
                    [
                        6.488989631056222,
                        -1.5269797669705427,
                        35.15645325591649
                    ],
                    [
                        14.89651762960839,
                        3.3848708524131226,
                        40.59226667844315
                    ],
                    [
                        12.06374543248053,
                        2.017411942562105,
                        38.86084289953267
                    ],
                    [
                        5.665544395,
                        -1.548016896440228,
                        34.53228303672282
                    ],
                    [
                        8.638386582672553,
                        0.016620238159436473,
                        37.16025688873918
                    ],
                    [
                        12.89572592472194,
                        1.1446853089898583,
                        38.830004854471106
                    ],
                    [
                        4.100907258736228,
                        1.424825290033475,
                        38.83000492371257
                    ],
                    [
                        14.023790995785612,
                        2.552890360863895,
                        40.623104585085045
                    ]
                ],
                "bridge": [
                    [
                        9.98473768633628,
                        -0.7656983291403903,
                        35.846269962731
                    ],
                    [
                        12.113407357360977,
                        -0.20166579372518223,
                        36.681143945596965
                    ],
                    [
                        10.767056253697245,
                        0.5806527735746505,
                        37.99513087160515
                    ],
                    [
                        8.57887015182937,
                        1.062410386641522,
                        38.131320798539484
                    ],
                    [
                        6.310130489861204,
                        1.7665129125785353,
                        38.96619481602617
                    ],
                    [
                        6.369646920704391,
                        0.7207227640964582,
                        37.99513090622588
                    ],
                    [
                        8.086593972930052,
                        4.107008930728717,
                        41.77006367749367
                    ],
                    [
                        3.2033681468328643,
                        -0.21218435846002315,
                        36.99322891668104
                    ],
                    [
                        4.883225826097203,
                        2.7711763927485196,
                        40.143991815061085
                    ],
                    [
                        15.946575406533293,
                        3.751199173938347,
                        41.025122692426386
                    ],
                    [
                        15.164256839172307,
                        2.404848071223296,
                        39.71113580107785
                    ],
                    [
                        13.459758460253783,
                        1.848787834926877,
                        39.72655471977808
                    ],
                    [
                        14.727893522260938,
                        1.9888578254486864,
                        39.72655475439881
                    ],
                    [
                        7.092449057222162,
                        3.11286401529358,
                        40.28018170737469
                    ],
                    [
                        8.934679909411384,
                        -1.132026650665614,
                        35.413413948747795
                    ],
                    [
                        10.291549576733354,
                        2.062806238842855,
                        38.98161380393623
                    ],
                    [
                        10.351066007576545,
                        1.0170160903607781,
                        38.01054989413592
                    ],
                    [
                        12.47973567860124,
                        1.5810486257759864,
                        38.8454238770019
                    ],
                    [
                        4.4715032088400015,
                        -0.07211436793821746,
                        36.99322895130178
                    ],
                    [
                        11.707935675321988,
                        2.6557471012068676,
                        39.847325866538874
                    ],
                    [
                        9.935739819574813,
                        2.7011413974876133,
                        39.96809677094243
                    ],
                    [
                        9.513498636694052,
                        3.1023454505587402,
                        40.59226667845877
                    ],
                    [
                        10.929884735282695,
                        3.6952863129227556,
                        41.45797874106143
                    ],
                    [
                        2.832772196729088,
                        1.284755299511666,
                        38.83000488909184
                    ],
                    [
                        5.665544394999996,
                        -1.548016896440223,
                        35.15645311740374
                    ],
                    [
                        5.294948444896217,
                        -0.05107723846853118,
                        36.99322908981455
                    ],
                    [
                        14.460154312697002,
                        2.968880606638513,
                        40.60768563176409
                    ],
                    [
                        10.919366170430074,
                        4.107008930728723,
                        41.77006367749368
                    ],
                    [
                        13.525525827061383,
                        3.761717738673193,
                        41.3372078020232
                    ],
                    [
                        13.089162510150011,
                        3.3457274928985763,
                        41.35262675534415
                    ],
                    [
                        7.563688106864386,
                        -0.7551797644055522,
                        36.15835507232784
                    ],
                    [
                        13.043768214133069,
                        2.2851511517129994,
                        39.74197374230885
                    ],
                    [
                        12.687958456974531,
                        2.9234863103577604,
                        40.728456709315054
                    ],
                    [
                        11.75332997133891,
                        3.7163234423924356,
                        41.45797887957416
                    ],
                    [
                        11.341607353310815,
                        3.7058048776575943,
                        41.14589376997735
                    ],
                    [
                        6.077267013028097,
                        -1.537498331705385,
                        34.844368146319646
                    ]
                ],
                "hollow": [
                    [
                        10.955067099131494,
                        -0.1289037830969766,
                        36.84084825997769
                    ],
                    [
                        7.086215854131655,
                        1.1832153544388408,
                        38.36421550693051
                    ],
                    [
                        2.1355787645552438,
                        -0.6574618711200905,
                        36.17291362336162
                    ],
                    [
                        14.117170989747938,
                        1.7074669866290775,
                        39.42770478775625
                    ],
                    [
                        6.095268457726853,
                        2.5501844402068787,
                        39.79678944615398
                    ],
                    [
                        9.733482869607592,
                        -1.2706900659238192,
                        35.11970364473946
                    ],
                    [
                        9.740495245379758,
                        1.380744238615052,
                        38.37449483220387
                    ],
                    [
                        10.645075023876721,
                        2.473231579179113,
                        39.59901214713918
                    ],
                    [
                        8.230847222282097,
                        3.440739465527014,
                        40.88083735444238
                    ],
                    [
                        14.784101558043428,
                        2.454195501103503,
                        40.015125395746935
                    ],
                    [
                        8.119449816626323,
                        -1.263677689433924,
                        35.32776038447068
                    ],
                    [
                        12.994420784329375,
                        1.9049958708052894,
                        39.4379841130296
                    ],
                    [
                        12.479887448809858,
                        2.6214615210925434,
                        40.105918772720926
                    ],
                    [
                        12.510150312821146,
                        3.328512415216255,
                        41.17968744807779
                    ],
                    [
                        6.4094278241549985,
                        -0.028511412925873225,
                        37.04890502278941
                    ]
                ],
                "all": [
                    [
                        -7.754160672640856e-17,
                        -1.548016896440228,
                        34.53228303672282
                    ],
                    [
                        8.519353720986173,
                        2.1082005351236015,
                        39.102384708339784
                    ],
                    [
                        11.352125918163445,
                        3.294082259851625,
                        40.83380883354509
                    ],
                    [
                        10.507643552401944,
                        4.096490365993875,
                        42.08214864857776
                    ],
                    [
                        6.488989631056222,
                        -1.5269797669705427,
                        35.15645325591649
                    ],
                    [
                        14.89651762960839,
                        3.3848708524131226,
                        40.59226667844315
                    ],
                    [
                        12.06374543248053,
                        2.017411942562105,
                        38.86084289953267
                    ],
                    [
                        5.665544395,
                        -1.548016896440228,
                        34.53228303672282
                    ],
                    [
                        8.638386582672553,
                        0.016620238159436473,
                        37.16025688873918
                    ],
                    [
                        12.89572592472194,
                        1.1446853089898583,
                        38.830004854471106
                    ],
                    [
                        4.100907258736228,
                        1.424825290033475,
                        38.83000492371257
                    ],
                    [
                        14.023790995785612,
                        2.552890360863895,
                        40.623104585085045
                    ],
                    [
                        9.98473768633628,
                        -0.7656983291403903,
                        35.846269962731
                    ],
                    [
                        12.113407357360977,
                        -0.20166579372518223,
                        36.681143945596965
                    ],
                    [
                        10.767056253697245,
                        0.5806527735746505,
                        37.99513087160515
                    ],
                    [
                        8.57887015182937,
                        1.062410386641522,
                        38.131320798539484
                    ],
                    [
                        6.310130489861204,
                        1.7665129125785353,
                        38.96619481602617
                    ],
                    [
                        6.369646920704391,
                        0.7207227640964582,
                        37.99513090622588
                    ],
                    [
                        8.086593972930052,
                        4.107008930728717,
                        41.77006367749367
                    ],
                    [
                        3.2033681468328643,
                        -0.21218435846002315,
                        36.99322891668104
                    ],
                    [
                        4.883225826097203,
                        2.7711763927485196,
                        40.143991815061085
                    ],
                    [
                        15.946575406533293,
                        3.751199173938347,
                        41.025122692426386
                    ],
                    [
                        15.164256839172307,
                        2.404848071223296,
                        39.71113580107785
                    ],
                    [
                        13.459758460253783,
                        1.848787834926877,
                        39.72655471977808
                    ],
                    [
                        14.727893522260938,
                        1.9888578254486864,
                        39.72655475439881
                    ],
                    [
                        7.092449057222162,
                        3.11286401529358,
                        40.28018170737469
                    ],
                    [
                        8.934679909411384,
                        -1.132026650665614,
                        35.413413948747795
                    ],
                    [
                        10.291549576733354,
                        2.062806238842855,
                        38.98161380393623
                    ],
                    [
                        10.351066007576545,
                        1.0170160903607781,
                        38.01054989413592
                    ],
                    [
                        12.47973567860124,
                        1.5810486257759864,
                        38.8454238770019
                    ],
                    [
                        4.4715032088400015,
                        -0.07211436793821746,
                        36.99322895130178
                    ],
                    [
                        11.707935675321988,
                        2.6557471012068676,
                        39.847325866538874
                    ],
                    [
                        9.935739819574813,
                        2.7011413974876133,
                        39.96809677094243
                    ],
                    [
                        9.513498636694052,
                        3.1023454505587402,
                        40.59226667845877
                    ],
                    [
                        10.929884735282695,
                        3.6952863129227556,
                        41.45797874106143
                    ],
                    [
                        2.832772196729088,
                        1.284755299511666,
                        38.83000488909184
                    ],
                    [
                        5.665544394999996,
                        -1.548016896440223,
                        35.15645311740374
                    ],
                    [
                        5.294948444896217,
                        -0.05107723846853118,
                        36.99322908981455
                    ],
                    [
                        14.460154312697002,
                        2.968880606638513,
                        40.60768563176409
                    ],
                    [
                        10.919366170430074,
                        4.107008930728723,
                        41.77006367749368
                    ],
                    [
                        13.525525827061383,
                        3.761717738673193,
                        41.3372078020232
                    ],
                    [
                        13.089162510150011,
                        3.3457274928985763,
                        41.35262675534415
                    ],
                    [
                        7.563688106864386,
                        -0.7551797644055522,
                        36.15835507232784
                    ],
                    [
                        13.043768214133069,
                        2.2851511517129994,
                        39.74197374230885
                    ],
                    [
                        12.687958456974531,
                        2.9234863103577604,
                        40.728456709315054
                    ],
                    [
                        11.75332997133891,
                        3.7163234423924356,
                        41.45797887957416
                    ],
                    [
                        11.341607353310815,
                        3.7058048776575943,
                        41.14589376997735
                    ],
                    [
                        6.077267013028097,
                        -1.537498331705385,
                        34.844368146319646
                    ],
                    [
                        10.955067099131494,
                        -0.1289037830969766,
                        36.84084825997769
                    ],
                    [
                        7.086215854131655,
                        1.1832153544388408,
                        38.36421550693051
                    ],
                    [
                        2.1355787645552438,
                        -0.6574618711200905,
                        36.17291362336162
                    ],
                    [
                        14.117170989747938,
                        1.7074669866290775,
                        39.42770478775625
                    ],
                    [
                        6.095268457726853,
                        2.5501844402068787,
                        39.79678944615398
                    ],
                    [
                        9.733482869607592,
                        -1.2706900659238192,
                        35.11970364473946
                    ],
                    [
                        9.740495245379758,
                        1.380744238615052,
                        38.37449483220387
                    ],
                    [
                        10.645075023876721,
                        2.473231579179113,
                        39.59901214713918
                    ],
                    [
                        8.230847222282097,
                        3.440739465527014,
                        40.88083735444238
                    ],
                    [
                        14.784101558043428,
                        2.454195501103503,
                        40.015125395746935
                    ],
                    [
                        8.119449816626323,
                        -1.263677689433924,
                        35.32776038447068
                    ],
                    [
                        12.994420784329375,
                        1.9049958708052894,
                        39.4379841130296
                    ],
                    [
                        12.479887448809858,
                        2.6214615210925434,
                        40.105918772720926
                    ],
                    [
                        12.510150312821146,
                        3.328512415216255,
                        41.17968744807779
                    ],
                    [
                        6.4094278241549985,
                        -0.028511412925873225,
                        37.04890502278941
                    ]
                ]
            },
            "Surface Area": 101.3886511784201
        }
    },
    {
        "File": "Slab_0_(1, 0, 0).cif",
        "Slab Analisis": {
            "Is Symmetric": false,
            "Is Polar": false,
            "Slab Normal": [
                -6.123233995736766e-17,
                -6.123233995736766e-17,
                1.0
            ],
            "Slab Shift": 0,
            "Slab Scale Factor": [
                [
                    1,
                    0,
                    0
                ],
                [
                    0,
                    1,
                    0
                ],
                [
                    0,
                    0,
                    1
                ]
            ],
            "Slab Center Of Mass": [
                0.4022382362856608,
                0.45111911814283046,
                0.5000000008409574
            ],
            "Slab Layers": [
                0.24,
                0.25,
                0.26,
                0.29,
                0.32,
                0.33,
                0.35,
                0.37,
                0.38,
                0.41,
                0.44,
                0.45,
                0.46,
                0.48,
                0.49,
                0.5,
                0.51,
                0.54,
                0.57,
                0.58,
                0.6,
                0.62,
                0.63,
                0.66,
                0.69,
                0.7,
                0.71,
                0.73
            ],
            "Top Termination Atoms": [
                "P",
                "P",
                "H",
                "H",
                "H",
                "H",
                "H",
                "N",
                "N",
                "O",
                "O",
                "O",
                "O"
            ],
            "Bottom Termination Atoms": [
                "H",
                "H",
                "H",
                "H",
                "H",
                "H",
                "H",
                "O",
                "O",
                "O",
                "O"
            ],
            "Surface Sites": {
                "top": [],
                "bottom": []
            },
            "Adsorption Sites": {
                "ontop": [
                    [
                        -1.2246467991473532e-16,
                        -1.2246467991473532e-16,
                        25.253573615342894
                    ],
                    [
                        7.415150512853915,
                        2.838677823576054,
                        24.686185241770616
                    ],
                    [
                        0.5673882133264725,
                        4.0870178464239455,
                        24.65643432807391
                    ],
                    [
                        -3.3450295576808987e-16,
                        3.462847835,
                        25.253573615342894
                    ],
                    [
                        3.0103935181778385,
                        2.6279737135889385,
                        24.45591107374306
                    ]
                ],
                "bridge": [
                    [
                        0.49787567091108076,
                        6.477420771955521,
                        24.854742344542977
                    ],
                    [
                        1.788890865752152,
                        3.3574957800064418,
                        24.556172700908487
                    ],
                    [
                        3.224575082425681,
                        3.5990377273324974,
                        24.556172700908487
                    ],
                    [
                        2.0030724299999956,
                        4.328559793749999,
                        24.65643432807391
                    ],
                    [
                        0.2836941066632337,
                        5.506356758211972,
                        24.955003971708408
                    ],
                    [
                        -4.4052209369476724e-16,
                        5.1942717525,
                        25.253573615342898
                    ],
                    [
                        6.30778689357304,
                        6.3720687169619685,
                        24.969879428556766
                    ],
                    [
                        6.30778689357304,
                        4.640644799461969,
                        24.969879428556766
                    ],
                    [
                        0.2836941066632338,
                        3.7749328407119718,
                        24.955003971708408
                    ],
                    [
                        6.009217289999988,
                        4.328559793749999,
                        24.686185241770627
                    ],
                    [
                        7.713720116426959,
                        3.150762829288028,
                        24.969879428556766
                    ],
                    [
                        6.009217289999988,
                        0.8657119587499998,
                        25.253573615342898
                    ],
                    [
                        4.304714463573041,
                        0.312085005711972,
                        24.969879428556766
                    ],
                    [
                        1.5051967590889181,
                        1.3139868567944661,
                        24.854742344542974
                    ],
                    [
                        1.206627155515877,
                        2.7333257685824974,
                        24.571048157756845
                    ],
                    [
                        2.0030724299999965,
                        0.8657119587499998,
                        24.45591107374305
                    ],
                    [
                        1.505196759088918,
                        3.0454107742944663,
                        24.854742344542974
                    ]
                ],
                "hollow": [
                    [
                        2.3388461260592774,
                        3.761697767029647,
                        24.589593243296964
                    ],
                    [
                        6.875954502382025,
                        5.402328422974643,
                        25.06444415748548
                    ],
                    [
                        6.676908100000001,
                        4.039989140833331,
                        24.875314699628042
                    ],
                    [
                        5.54057288238203,
                        0.20805667047464593,
                        25.06444415748548
                    ],
                    [
                        0.8044181036772481,
                        1.8222171790549948,
                        24.798556643618863
                    ],
                    [
                        2.6707632399999977,
                        1.1542826116666653,
                        24.72179858760967
                    ]
                ],
                "all": [
                    [
                        -1.2246467991473532e-16,
                        -1.2246467991473532e-16,
                        25.253573615342894
                    ],
                    [
                        7.415150512853915,
                        2.838677823576054,
                        24.686185241770616
                    ],
                    [
                        0.5673882133264725,
                        4.0870178464239455,
                        24.65643432807391
                    ],
                    [
                        -3.3450295576808987e-16,
                        3.462847835,
                        25.253573615342894
                    ],
                    [
                        3.0103935181778385,
                        2.6279737135889385,
                        24.45591107374306
                    ],
                    [
                        0.49787567091108076,
                        6.477420771955521,
                        24.854742344542977
                    ],
                    [
                        1.788890865752152,
                        3.3574957800064418,
                        24.556172700908487
                    ],
                    [
                        3.224575082425681,
                        3.5990377273324974,
                        24.556172700908487
                    ],
                    [
                        2.0030724299999956,
                        4.328559793749999,
                        24.65643432807391
                    ],
                    [
                        0.2836941066632337,
                        5.506356758211972,
                        24.955003971708408
                    ],
                    [
                        -4.4052209369476724e-16,
                        5.1942717525,
                        25.253573615342898
                    ],
                    [
                        6.30778689357304,
                        6.3720687169619685,
                        24.969879428556766
                    ],
                    [
                        6.30778689357304,
                        4.640644799461969,
                        24.969879428556766
                    ],
                    [
                        0.2836941066632338,
                        3.7749328407119718,
                        24.955003971708408
                    ],
                    [
                        6.009217289999988,
                        4.328559793749999,
                        24.686185241770627
                    ],
                    [
                        7.713720116426959,
                        3.150762829288028,
                        24.969879428556766
                    ],
                    [
                        6.009217289999988,
                        0.8657119587499998,
                        25.253573615342898
                    ],
                    [
                        4.304714463573041,
                        0.312085005711972,
                        24.969879428556766
                    ],
                    [
                        1.5051967590889181,
                        1.3139868567944661,
                        24.854742344542974
                    ],
                    [
                        1.206627155515877,
                        2.7333257685824974,
                        24.571048157756845
                    ],
                    [
                        2.0030724299999965,
                        0.8657119587499998,
                        24.45591107374305
                    ],
                    [
                        1.505196759088918,
                        3.0454107742944663,
                        24.854742344542974
                    ],
                    [
                        2.3388461260592774,
                        3.761697767029647,
                        24.589593243296964
                    ],
                    [
                        6.875954502382025,
                        5.402328422974643,
                        25.06444415748548
                    ],
                    [
                        6.676908100000001,
                        4.039989140833331,
                        24.875314699628042
                    ],
                    [
                        5.54057288238203,
                        0.20805667047464593,
                        25.06444415748548
                    ],
                    [
                        0.8044181036772481,
                        1.8222171790549948,
                        24.798556643618863
                    ],
                    [
                        2.6707632399999977,
                        1.1542826116666653,
                        24.72179858760967
                    ]
                ]
            },
            "Surface Area": 55.49068022058951
        }
    },
    {
        "File": "Slab_1_(1, 0, 0).cif",
        "Slab Analisis": {
            "Is Symmetric": false,
            "Is Polar": false,
            "Slab Normal": [
                -6.123233995736766e-17,
                -6.123233995736766e-17,
                1.0
            ],
            "Slab Shift": 0,
            "Slab Scale Factor": [
                [
                    1,
                    0,
                    0
                ],
                [
                    0,
                    1,
                    0
                ],
                [
                    0,
                    0,
                    1
                ]
            ],
            "Slab Center Of Mass": [
                0.4022382362856608,
                0.45111911814283046,
                0.499999996799407
            ],
            "Slab Layers": [
                0.25,
                0.29,
                0.32,
                0.33,
                0.35,
                0.37,
                0.38,
                0.41,
                0.44,
                0.45,
                0.46,
                0.47,
                0.49,
                0.5,
                0.54,
                0.57,
                0.58,
                0.6,
                0.62,
                0.63,
                0.66,
                0.69,
                0.7,
                0.71,
                0.72,
                0.74
            ],
            "Top Termination Atoms": [
                "P",
                "P",
                "H",
                "H",
                "H",
                "H",
                "H",
                "H",
                "H",
                "H",
                "H",
                "N",
                "N",
                "O",
                "O",
                "O",
                "O"
            ],
            "Bottom Termination Atoms": [
                "H",
                "H",
                "H",
                "O",
                "O",
                "O",
                "O"
            ],
            "Surface Sites": {
                "top": [],
                "bottom": []
            },
            "Adsorption Sites": {
                "ontop": [
                    [
                        -1.2246467991473532e-16,
                        -1.2246467991473532e-16,
                        25.183363843476055
                    ],
                    [
                        0.5971392071460849,
                        2.838677823576054,
                        25.750752217048333
                    ],
                    [
                        7.444901506673528,
                        4.0870178464239455,
                        25.78050313074505
                    ],
                    [
                        -3.3450295576808987e-16,
                        3.462847835,
                        25.183363843476055
                    ]
                ],
                "bridge": [
                    [
                        2.00307243,
                        0.8657119587499998,
                        25.183363843476066
                    ],
                    [
                        2.301642033573041,
                        2.285050870538028,
                        25.4670580302622
                    ],
                    [
                        0.2985696035730443,
                        1.4193389117880275,
                        25.467058030262198
                    ],
                    [
                        4.289838966663234,
                        4.882186746788026,
                        25.48193348711055
                    ],
                    [
                        6.292911396663234,
                        5.747898705538027,
                        25.48193348711055
                    ],
                    [
                        6.0092172900000005,
                        6.059983711249998,
                        25.18336384347607
                    ],
                    [
                        0.29856960357303347,
                        3.150762829288026,
                        25.46705803026219
                    ],
                    [
                        -2.284838178414125e-16,
                        1.7314239174999981,
                        25.18336384347606
                    ],
                    [
                        6.009217289999997,
                        4.328559793749997,
                        25.78050313074505
                    ],
                    [
                        7.728595613336766,
                        5.506356758211969,
                        25.48193348711055
                    ],
                    [
                        3.1176493171498126e-15,
                        5.194271752499997,
                        25.183363843476062
                    ],
                    [
                        6.009217290000002,
                        0.8657119587499998,
                        25.18336384347607
                    ],
                    [
                        2.003072429999999,
                        4.328559793749999,
                        25.750752217048333
                    ],
                    [
                        1.704502826426955,
                        4.640644799461973,
                        25.46705803026219
                    ]
                ],
                "hollow": [
                    [
                        1.5344280223820295,
                        1.5233672470253505,
                        25.37249330133349
                    ],
                    [
                        5.341526480000002,
                        -1.2246467991473532e-16,
                        25.18336384347607
                    ],
                    [
                        1.3353816199999984,
                        4.039989140833333,
                        25.56162275919091
                    ],
                    [
                        1.1363352176179675,
                        5.402328422974651,
                        25.37249330133349
                    ]
                ],
                "all": [
                    [
                        -1.2246467991473532e-16,
                        -1.2246467991473532e-16,
                        25.183363843476055
                    ],
                    [
                        0.5971392071460849,
                        2.838677823576054,
                        25.750752217048333
                    ],
                    [
                        7.444901506673528,
                        4.0870178464239455,
                        25.78050313074505
                    ],
                    [
                        -3.3450295576808987e-16,
                        3.462847835,
                        25.183363843476055
                    ],
                    [
                        2.00307243,
                        0.8657119587499998,
                        25.183363843476066
                    ],
                    [
                        2.301642033573041,
                        2.285050870538028,
                        25.4670580302622
                    ],
                    [
                        0.2985696035730443,
                        1.4193389117880275,
                        25.467058030262198
                    ],
                    [
                        4.289838966663234,
                        4.882186746788026,
                        25.48193348711055
                    ],
                    [
                        6.292911396663234,
                        5.747898705538027,
                        25.48193348711055
                    ],
                    [
                        6.0092172900000005,
                        6.059983711249998,
                        25.18336384347607
                    ],
                    [
                        0.29856960357303347,
                        3.150762829288026,
                        25.46705803026219
                    ],
                    [
                        -2.284838178414125e-16,
                        1.7314239174999981,
                        25.18336384347606
                    ],
                    [
                        6.009217289999997,
                        4.328559793749997,
                        25.78050313074505
                    ],
                    [
                        7.728595613336766,
                        5.506356758211969,
                        25.48193348711055
                    ],
                    [
                        3.1176493171498126e-15,
                        5.194271752499997,
                        25.183363843476062
                    ],
                    [
                        6.009217290000002,
                        0.8657119587499998,
                        25.18336384347607
                    ],
                    [
                        2.003072429999999,
                        4.328559793749999,
                        25.750752217048333
                    ],
                    [
                        1.704502826426955,
                        4.640644799461973,
                        25.46705803026219
                    ],
                    [
                        1.5344280223820295,
                        1.5233672470253505,
                        25.37249330133349
                    ],
                    [
                        5.341526480000002,
                        -1.2246467991473532e-16,
                        25.18336384347607
                    ],
                    [
                        1.3353816199999984,
                        4.039989140833333,
                        25.56162275919091
                    ],
                    [
                        1.1363352176179675,
                        5.402328422974651,
                        25.37249330133349
                    ]
                ]
            },
            "Surface Area": 55.49068022058951
        }
    },
    {
        "File": "Slab_2_(1, 0, 0).cif",
        "Slab Analisis": {
            "Is Symmetric": false,
            "Is Polar": false,
            "Slab Normal": [
                -6.123233995736766e-17,
                -6.123233995736766e-17,
                1.0
            ],
            "Slab Shift": 0,
            "Slab Scale Factor": [
                [
                    1,
                    0,
                    0
                ],
                [
                    0,
                    1,
                    0
                ],
                [
                    0,
                    0,
                    1
                ]
            ],
            "Slab Center Of Mass": [
                0.4022382362856608,
                0.45111911814283046,
                0.5000000014528214
            ],
            "Slab Layers": [
                0.24,
                0.27,
                0.3,
                0.31,
                0.33,
                0.35,
                0.36,
                0.39,
                0.42,
                0.43,
                0.44,
                0.46,
                0.47,
                0.48,
                0.49,
                0.52,
                0.55,
                0.56,
                0.58,
                0.6,
                0.61,
                0.64,
                0.67,
                0.68,
                0.69,
                0.71,
                0.72,
                0.73
            ],
            "Top Termination Atoms": [
                "P",
                "P",
                "H",
                "H",
                "H",
                "H",
                "H",
                "H",
                "H",
                "H",
                "N",
                "N",
                "O",
                "O",
                "O",
                "O"
            ],
            "Bottom Termination Atoms": [
                "H",
                "H",
                "H",
                "O",
                "O"
            ],
            "Surface Sites": {
                "top": [],
                "bottom": []
            },
            "Adsorption Sites": {
                "ontop": [
                    [
                        -1.2246467991473532e-16,
                        -1.2246467991473532e-16,
                        24.626132809827638
                    ],
                    [
                        0.5971392071460849,
                        2.838677823576054,
                        25.193520862908315
                    ],
                    [
                        7.444901506673528,
                        4.0870178464239455,
                        25.22327209709662
                    ],
                    [
                        -3.3450295576808987e-16,
                        3.462847835,
                        24.626132809827638
                    ],
                    [
                        5.00189620182216,
                        2.6279737135889385,
                        25.423795351427458
                    ]
                ],
                "bridge": [
                    [
                        4.50402053091108,
                        2.1796988155444694,
                        25.024964080627548
                    ],
                    [
                        5.511341619088919,
                        0.41743706070553027,
                        25.024964080627544
                    ],
                    [
                        6.009217289999988,
                        0.8657119587499998,
                        25.423795351427465
                    ],
                    [
                        0.2985696035730335,
                        1.4193389117880275,
                        24.90982683636797
                    ],
                    [
                        6.805662564484119,
                        2.7333257685824957,
                        25.30865810716789
                    ],
                    [
                        7.230719942425683,
                        5.0580818601675,
                        25.32353372426204
                    ],
                    [
                        7.728595613336762,
                        5.506356758211972,
                        24.924702453462128
                    ],
                    [
                        6.223398854247845,
                        3.3574957800064418,
                        25.32353372426204
                    ],
                    [
                        6.009217289999997,
                        4.328559793749999,
                        25.223272097096604
                    ],
                    [
                        6.50709296091108,
                        3.0454107742944694,
                        25.024964080627555
                    ],
                    [
                        7.728595613336766,
                        3.7749328407119687,
                        24.924702453462128
                    ],
                    [
                        3.1176493171498126e-15,
                        5.194271752499997,
                        24.62613280982764
                    ],
                    [
                        2.00307243,
                        0.8657119587499998,
                        24.62613280982764
                    ],
                    [
                        2.301642033573041,
                        2.285050870538028,
                        24.90982683636797
                    ],
                    [
                        2.3016420335730405,
                        4.0164747880380265,
                        24.909826836367973
                    ],
                    [
                        3.707575256426955,
                        5.506356758211975,
                        24.90982683636797
                    ],
                    [
                        2.0030724300000013,
                        4.328559793749999,
                        25.193520862908315
                    ]
                ],
                "hollow": [
                    [
                        5.341526479999999,
                        1.1542826116666653,
                        25.15790783756085
                    ],
                    [
                        7.207871616322748,
                        1.8222171790549964,
                        25.081149674721136
                    ],
                    [
                        5.673443593940717,
                        3.761697767029647,
                        25.290113181873565
                    ],
                    [
                        1.534428022382026,
                        1.5233672470253505,
                        24.81526216085452
                    ],
                    [
                        2.8698096423820285,
                        3.2547911645253507,
                        24.81526216085453
                    ],
                    [
                        2.6707632400000025,
                        4.617130446666666,
                        25.004391511881423
                    ]
                ],
                "all": [
                    [
                        -1.2246467991473532e-16,
                        -1.2246467991473532e-16,
                        24.626132809827638
                    ],
                    [
                        0.5971392071460849,
                        2.838677823576054,
                        25.193520862908315
                    ],
                    [
                        7.444901506673528,
                        4.0870178464239455,
                        25.22327209709662
                    ],
                    [
                        -3.3450295576808987e-16,
                        3.462847835,
                        24.626132809827638
                    ],
                    [
                        5.00189620182216,
                        2.6279737135889385,
                        25.423795351427458
                    ],
                    [
                        4.50402053091108,
                        2.1796988155444694,
                        25.024964080627548
                    ],
                    [
                        5.511341619088919,
                        0.41743706070553027,
                        25.024964080627544
                    ],
                    [
                        6.009217289999988,
                        0.8657119587499998,
                        25.423795351427465
                    ],
                    [
                        0.2985696035730335,
                        1.4193389117880275,
                        24.90982683636797
                    ],
                    [
                        6.805662564484119,
                        2.7333257685824957,
                        25.30865810716789
                    ],
                    [
                        7.230719942425683,
                        5.0580818601675,
                        25.32353372426204
                    ],
                    [
                        7.728595613336762,
                        5.506356758211972,
                        24.924702453462128
                    ],
                    [
                        6.223398854247845,
                        3.3574957800064418,
                        25.32353372426204
                    ],
                    [
                        6.009217289999997,
                        4.328559793749999,
                        25.223272097096604
                    ],
                    [
                        6.50709296091108,
                        3.0454107742944694,
                        25.024964080627555
                    ],
                    [
                        7.728595613336766,
                        3.7749328407119687,
                        24.924702453462128
                    ],
                    [
                        3.1176493171498126e-15,
                        5.194271752499997,
                        24.62613280982764
                    ],
                    [
                        2.00307243,
                        0.8657119587499998,
                        24.62613280982764
                    ],
                    [
                        2.301642033573041,
                        2.285050870538028,
                        24.90982683636797
                    ],
                    [
                        2.3016420335730405,
                        4.0164747880380265,
                        24.909826836367973
                    ],
                    [
                        3.707575256426955,
                        5.506356758211975,
                        24.90982683636797
                    ],
                    [
                        2.0030724300000013,
                        4.328559793749999,
                        25.193520862908315
                    ],
                    [
                        5.341526479999999,
                        1.1542826116666653,
                        25.15790783756085
                    ],
                    [
                        7.207871616322748,
                        1.8222171790549964,
                        25.081149674721136
                    ],
                    [
                        5.673443593940717,
                        3.761697767029647,
                        25.290113181873565
                    ],
                    [
                        1.534428022382026,
                        1.5233672470253505,
                        24.81526216085452
                    ],
                    [
                        2.8698096423820285,
                        3.2547911645253507,
                        24.81526216085453
                    ],
                    [
                        2.6707632400000025,
                        4.617130446666666,
                        25.004391511881423
                    ]
                ]
            },
            "Surface Area": 55.49068022058951
        }
    },
    {
        "File": "Slab_3_(1, 0, 0).cif",
        "Slab Analisis": {
            "Is Symmetric": false,
            "Is Polar": false,
            "Slab Normal": [
                -6.123233995736766e-17,
                -6.123233995736766e-17,
                1.0
            ],
            "Slab Shift": 0,
            "Slab Scale Factor": [
                [
                    1,
                    0,
                    0
                ],
                [
                    0,
                    1,
                    0
                ],
                [
                    0,
                    0,
                    1
                ]
            ],
            "Slab Center Of Mass": [
                0.4022382362856608,
                0.45111911814283046,
                0.49999999901147085
            ],
            "Slab Layers": [
                0.25,
                0.28,
                0.29,
                0.3,
                0.31,
                0.33,
                0.34,
                0.38,
                0.41,
                0.42,
                0.44,
                0.46,
                0.47,
                0.5,
                0.53,
                0.54,
                0.55,
                0.56,
                0.58,
                0.59,
                0.63,
                0.66,
                0.67,
                0.69,
                0.71,
                0.72
            ],
            "Top Termination Atoms": [
                "P",
                "P",
                "H",
                "H",
                "H",
                "H",
                "H",
                "H",
                "H",
                "H",
                "H",
                "N",
                "N",
                "O",
                "O",
                "O",
                "O"
            ],
            "Bottom Termination Atoms": [
                "H",
                "H",
                "H",
                "H",
                "H",
                "H",
                "H",
                "O",
                "O",
                "O",
                "O"
            ],
            "Surface Sites": {
                "top": [],
                "bottom": []
            },
            "Adsorption Sites": {
                "ontop": [
                    [
                        0.5971392071460849,
                        2.838677823576054,
                        24.61873746641608
                    ],
                    [
                        7.444901506673528,
                        4.0870178464239455,
                        24.64848838011279
                    ],
                    [
                        2.00307243,
                        0.8657119587499998,
                        25.01828856132444
                    ],
                    [
                        5.00189620182216,
                        2.6279737135889385,
                        24.84901163444363
                    ],
                    [
                        3.2084823985230635,
                        0.8348741214110609,
                        25.047100434665957
                    ]
                ],
                "bridge": [
                    [
                        6.223398854247844,
                        3.3574957800064418,
                        24.74875000727822
                    ],
                    [
                        6.009217289999988,
                        4.328559793749999,
                        24.648488380112784
                    ],
                    [
                        4.787714637574315,
                        3.5990377273324974,
                        24.748750007278215
                    ],
                    [
                        4.105189300172611,
                        1.7314239174999981,
                        24.948056034554803
                    ],
                    [
                        6.009217289999988,
                        0.8657119587499998,
                        24.849011634443634
                    ],
                    [
                        1.9028108028345743,
                        1.8367759724935564,
                        24.83291895054101
                    ],
                    [
                        2.7995177044841117,
                        2.7333257685824957,
                        24.73387455042986
                    ],
                    [
                        2.5853361402362776,
                        3.704389782326054,
                        24.633612923264423
                    ],
                    [
                        0.014875496909802926,
                        3.462847835,
                        24.633612923264426
                    ],
                    [
                        6.805662564484119,
                        2.7333257685824957,
                        24.73387455042986
                    ],
                    [
                        6.9059241916495475,
                        1.762261754838939,
                        24.9480560345548
                    ],
                    [
                        0.6974008343115123,
                        1.8676138098324973,
                        24.83291895054102
                    ],
                    [
                        2.60577741426153,
                        0.8502930400805302,
                        25.0326944979952
                    ],
                    [
                        2.706039041426959,
                        6.804924696336972,
                        24.81851301387025
                    ],
                    [
                        2.003072429999999,
                        4.328559793749999,
                        24.61873746641608
                    ]
                ],
                "hollow": [
                    [
                        5.673443593940719,
                        3.761697767029647,
                        24.715329464889738
                    ],
                    [
                        5.075638992841019,
                        0.8554326796370196,
                        24.91504123451774
                    ],
                    [
                        3.3908561607649044,
                        3.345584426080349,
                        24.7054124936575
                    ],
                    [
                        2.8598926444421533,
                        4.409073776192018,
                        24.6286544376483
                    ]
                ],
                "all": [
                    [
                        0.5971392071460849,
                        2.838677823576054,
                        24.61873746641608
                    ],
                    [
                        7.444901506673528,
                        4.0870178464239455,
                        24.64848838011279
                    ],
                    [
                        2.00307243,
                        0.8657119587499998,
                        25.01828856132444
                    ],
                    [
                        5.00189620182216,
                        2.6279737135889385,
                        24.84901163444363
                    ],
                    [
                        3.2084823985230635,
                        0.8348741214110609,
                        25.047100434665957
                    ],
                    [
                        6.223398854247844,
                        3.3574957800064418,
                        24.74875000727822
                    ],
                    [
                        6.009217289999988,
                        4.328559793749999,
                        24.648488380112784
                    ],
                    [
                        4.787714637574315,
                        3.5990377273324974,
                        24.748750007278215
                    ],
                    [
                        4.105189300172611,
                        1.7314239174999981,
                        24.948056034554803
                    ],
                    [
                        6.009217289999988,
                        0.8657119587499998,
                        24.849011634443634
                    ],
                    [
                        1.9028108028345743,
                        1.8367759724935564,
                        24.83291895054101
                    ],
                    [
                        2.7995177044841117,
                        2.7333257685824957,
                        24.73387455042986
                    ],
                    [
                        2.5853361402362776,
                        3.704389782326054,
                        24.633612923264423
                    ],
                    [
                        0.014875496909802926,
                        3.462847835,
                        24.633612923264426
                    ],
                    [
                        6.805662564484119,
                        2.7333257685824957,
                        24.73387455042986
                    ],
                    [
                        6.9059241916495475,
                        1.762261754838939,
                        24.9480560345548
                    ],
                    [
                        0.6974008343115123,
                        1.8676138098324973,
                        24.83291895054102
                    ],
                    [
                        2.60577741426153,
                        0.8502930400805302,
                        25.0326944979952
                    ],
                    [
                        2.706039041426959,
                        6.804924696336972,
                        24.81851301387025
                    ],
                    [
                        2.003072429999999,
                        4.328559793749999,
                        24.61873746641608
                    ],
                    [
                        5.673443593940719,
                        3.761697767029647,
                        24.715329464889738
                    ],
                    [
                        5.075638992841019,
                        0.8554326796370196,
                        24.91504123451774
                    ],
                    [
                        3.3908561607649044,
                        3.345584426080349,
                        24.7054124936575
                    ],
                    [
                        2.8598926444421533,
                        4.409073776192018,
                        24.6286544376483
                    ]
                ]
            },
            "Surface Area": 55.49068022058951
        }
    },
    {
        "File": "Slab_0_(1, 1, 0).cif",
        "Slab Analisis": {
            "Is Symmetric": false,
            "Is Polar": false,
            "Slab Normal": [
                -0.534956764278999,
                0.46240811017124633,
                0.7071067811865476
            ],
            "Slab Shift": 0,
            "Slab Scale Factor": [
                [
                    1,
                    0,
                    0
                ],
                [
                    0,
                    1,
                    0
                ],
                [
                    0,
                    0,
                    1
                ]
            ],
            "Slab Center Of Mass": [
                0.40223823628566086,
                0.4142424425281926,
                0.49999999942185547
            ],
            "Slab Layers": [
                0.28,
                0.31,
                0.32,
                0.33,
                0.35,
                0.37,
                0.38,
                0.41,
                0.42,
                0.43,
                0.45,
                0.47,
                0.48,
                0.51,
                0.52,
                0.53,
                0.55,
                0.57,
                0.58,
                0.61,
                0.62,
                0.63,
                0.65,
                0.67,
                0.68
            ],
            "Top Termination Atoms": [
                "P",
                "H",
                "H",
                "H",
                "H",
                "N",
                "O",
                "O"
            ],
            "Bottom Termination Atoms": [
                "H",
                "H",
                "O",
                "O"
            ],
            "Surface Sites": {
                "top": [],
                "bottom": []
            },
            "Adsorption Sites": {
                "ontop": [
                    [
                        -1.069913528557998,
                        0.9248162203424927,
                        28.638827071659676
                    ],
                    [
                        -3.2408011512949,
                        3.6263259244000015,
                        24.06529399706196
                    ],
                    [
                        0.3571686460687591,
                        3.4434383898530485,
                        28.041688022027472
                    ],
                    [
                        1.215675934899203,
                        2.7013583577553937,
                        29.235966516674242
                    ],
                    [
                        -1.2353179376809436,
                        2.212088729773561,
                        26.635754720787332
                    ],
                    [
                        -4.100734826604294,
                        3.5446098964106914,
                        24.63268221084174
                    ],
                    [
                        0.26970848826643223,
                        0.9519293558259723,
                        29.436489772882364
                    ]
                ],
                "bridge": [
                    [
                        -3.6707679889495957,
                        3.5854679104053457,
                        24.348988103951843
                    ],
                    [
                        -1.5357724118938085,
                        4.188246151126225,
                        25.634218464218893
                    ],
                    [
                        -0.8659614034815877,
                        4.201802718867964,
                        26.03304981483025
                    ],
                    [
                        -0.40010252014577696,
                        0.9383727880842317,
                        29.037658422271015
                    ],
                    [
                        -1.1526157331194757,
                        1.568452475058025,
                        27.637290896223494
                    ],
                    [
                        -0.4390746458061048,
                        2.8277635598133046,
                        27.338721371407395
                    ],
                    [
                        -0.35637244124461764,
                        2.184127305097772,
                        28.34025754684357
                    ],
                    [
                        0.31343856716759366,
                        2.1976838728395136,
                        28.73908889745491
                    ],
                    [
                        2.164859894564703,
                        1.5820090427997664,
                        30.03919467564817
                    ],
                    [
                        -2.6574856206628246,
                        2.4567235437644763,
                        25.93278818991743
                    ],
                    [
                        0.7426922115828187,
                        1.8266438567906822,
                        29.3362281447783
                    ],
                    [
                        0.7864222904839804,
                        3.07239837380422,
                        28.63882726935086
                    ],
                    [
                        -2.2380595444879168,
                        2.91920732708678,
                        25.350524358924652
                    ],
                    [
                        1.2051351734194125,
                        3.12298412708304,
                        28.937396792571313
                    ],
                    [
                        0.7758815290041832,
                        3.4940241431318713,
                        28.34025754524793
                    ],
                    [
                        -5.36504735015065,
                        4.81747754890771,
                        22.729871607823664
                    ],
                    [
                        -2.5385140187007864,
                        4.8953647484394445,
                        24.348988102356188
                    ],
                    [
                        -2.6212162232622593,
                        5.539001003154979,
                        23.34745192692004
                    ],
                    [
                        -4.516367629560529,
                        4.908921316181184,
                        22.744747024154222
                    ],
                    [
                        -4.089480871885023,
                        3.5348821571265225,
                        24.050418580731378
                    ],
                    [
                        -3.6602272274698033,
                        3.163842141077698,
                        24.647557828054765
                    ]
                ],
                "hollow": [
                    [
                        -1.189383231023287,
                        4.8560030034049415,
                        25.566260612436974
                    ],
                    [
                        -0.6493542733900601,
                        2.1934477799897008,
                        27.772089938158157
                    ],
                    [
                        -0.14767879807426354,
                        1.7733946553405033,
                        28.705668288856504
                    ],
                    [
                        -2.851924130873516,
                        2.8465910039763176,
                        25.31029012563228
                    ],
                    [
                        -0.4582513869648088,
                        3.949014609196326,
                        26.70259588389598
                    ],
                    [
                        -2.1041153250275015,
                        4.0009394088841495,
                        25.111243641833237
                    ],
                    [
                        -3.6781221847835552,
                        5.756506238090772,
                        22.70636796836219
                    ]
                ],
                "all": [
                    [
                        -1.069913528557998,
                        0.9248162203424927,
                        28.638827071659676
                    ],
                    [
                        -3.2408011512949,
                        3.6263259244000015,
                        24.06529399706196
                    ],
                    [
                        0.3571686460687591,
                        3.4434383898530485,
                        28.041688022027472
                    ],
                    [
                        1.215675934899203,
                        2.7013583577553937,
                        29.235966516674242
                    ],
                    [
                        -1.2353179376809436,
                        2.212088729773561,
                        26.635754720787332
                    ],
                    [
                        -4.100734826604294,
                        3.5446098964106914,
                        24.63268221084174
                    ],
                    [
                        0.26970848826643223,
                        0.9519293558259723,
                        29.436489772882364
                    ],
                    [
                        -3.6707679889495957,
                        3.5854679104053457,
                        24.348988103951843
                    ],
                    [
                        -1.5357724118938085,
                        4.188246151126225,
                        25.634218464218893
                    ],
                    [
                        -0.8659614034815877,
                        4.201802718867964,
                        26.03304981483025
                    ],
                    [
                        -0.40010252014577696,
                        0.9383727880842317,
                        29.037658422271015
                    ],
                    [
                        -1.1526157331194757,
                        1.568452475058025,
                        27.637290896223494
                    ],
                    [
                        -0.4390746458061048,
                        2.8277635598133046,
                        27.338721371407395
                    ],
                    [
                        -0.35637244124461764,
                        2.184127305097772,
                        28.34025754684357
                    ],
                    [
                        0.31343856716759366,
                        2.1976838728395136,
                        28.73908889745491
                    ],
                    [
                        2.164859894564703,
                        1.5820090427997664,
                        30.03919467564817
                    ],
                    [
                        -2.6574856206628246,
                        2.4567235437644763,
                        25.93278818991743
                    ],
                    [
                        0.7426922115828187,
                        1.8266438567906822,
                        29.3362281447783
                    ],
                    [
                        0.7864222904839804,
                        3.07239837380422,
                        28.63882726935086
                    ],
                    [
                        -2.2380595444879168,
                        2.91920732708678,
                        25.350524358924652
                    ],
                    [
                        1.2051351734194125,
                        3.12298412708304,
                        28.937396792571313
                    ],
                    [
                        0.7758815290041832,
                        3.4940241431318713,
                        28.34025754524793
                    ],
                    [
                        -5.36504735015065,
                        4.81747754890771,
                        22.729871607823664
                    ],
                    [
                        -2.5385140187007864,
                        4.8953647484394445,
                        24.348988102356188
                    ],
                    [
                        -2.6212162232622593,
                        5.539001003154979,
                        23.34745192692004
                    ],
                    [
                        -4.516367629560529,
                        4.908921316181184,
                        22.744747024154222
                    ],
                    [
                        -4.089480871885023,
                        3.5348821571265225,
                        24.050418580731378
                    ],
                    [
                        -3.6602272274698033,
                        3.163842141077698,
                        24.647557828054765
                    ],
                    [
                        -1.189383231023287,
                        4.8560030034049415,
                        25.566260612436974
                    ],
                    [
                        -0.6493542733900601,
                        2.1934477799897008,
                        27.772089938158157
                    ],
                    [
                        -0.14767879807426354,
                        1.7733946553405033,
                        28.705668288856504
                    ],
                    [
                        -2.851924130873516,
                        2.8465910039763176,
                        25.31029012563228
                    ],
                    [
                        -0.4582513869648088,
                        3.949014609196326,
                        26.70259588389598
                    ],
                    [
                        -2.1041153250275015,
                        4.0009394088841495,
                        25.111243641833237
                    ],
                    [
                        -3.6781221847835552,
                        5.756506238090772,
                        22.70636796836219
                    ]
                ]
            },
            "Surface Area": 39.23783626726813
        }
    },
    {
        "File": "Slab_1_(1, 1, 0).cif",
        "Slab Analisis": {
            "Is Symmetric": false,
            "Is Polar": false,
            "Slab Normal": [
                -0.534956764278999,
                0.46240811017124633,
                0.7071067811865476
            ],
            "Slab Shift": 0,
            "Slab Scale Factor": [
                [
                    1,
                    0,
                    0
                ],
                [
                    0,
                    1,
                    0
                ],
                [
                    0,
                    0,
                    1
                ]
            ],
            "Slab Center Of Mass": [
                0.40223823628566086,
                0.4142424425281926,
                0.4999999995105086
            ],
            "Slab Layers": [
                0.29,
                0.31,
                0.32,
                0.34,
                0.36,
                0.37,
                0.39,
                0.41,
                0.42,
                0.44,
                0.46,
                0.47,
                0.49,
                0.51,
                0.52,
                0.54,
                0.56,
                0.57,
                0.59,
                0.61,
                0.62,
                0.64,
                0.66,
                0.67
            ],
            "Top Termination Atoms": [
                "P",
                "H",
                "H",
                "H",
                "H",
                "N",
                "O",
                "O",
                "O"
            ],
            "Bottom Termination Atoms": [
                "H",
                "H",
                "H",
                "H",
                "O",
                "O"
            ],
            "Surface Sites": {
                "top": [],
                "bottom": []
            },
            "Adsorption Sites": {
                "ontop": [
                    [
                        -1.069913528557998,
                        0.9248162203424927,
                        28.08159595788835
                    ],
                    [
                        0.3571686460687591,
                        3.4434383898530485,
                        27.484456908256146
                    ],
                    [
                        1.215675934899203,
                        2.7013583577553937,
                        28.678735002288423
                    ],
                    [
                        -1.2353179376809436,
                        2.212088729773561,
                        26.078523607016006
                    ],
                    [
                        -4.100734826604294,
                        3.5446098964106914,
                        24.075451097070413
                    ],
                    [
                        -1.2369491488479578,
                        2.2542602297235868,
                        27.283933655627663
                    ],
                    [
                        0.26970848826643223,
                        0.9519293558259723,
                        28.879258258496545
                    ]
                ],
                "bridge": [
                    [
                        2.164859894564709,
                        1.582009042799764,
                        29.481963361569598
                    ],
                    [
                        2.247562099126182,
                        0.9383727880842294,
                        30.48349953700578
                    ],
                    [
                        -1.5357724118938028,
                        4.188246151126224,
                        25.07698735044756
                    ],
                    [
                        -0.8659614034815895,
                        4.201802718867965,
                        25.475818500751668
                    ],
                    [
                        0.7426922115828201,
                        1.8266438567906822,
                        28.778996630392477
                    ],
                    [
                        -2.6574856206628303,
                        2.4567235437644777,
                        25.375556875838864
                    ],
                    [
                        -0.4390746458061048,
                        2.8277635598133046,
                        26.781490257636065
                    ],
                    [
                        -5.36504735015066,
                        4.817477548907708,
                        22.17264029374508
                    ],
                    [
                        -2.668026382142616,
                        2.878349313092127,
                        25.076987352043215
                    ],
                    [
                        1.2051351734194125,
                        3.12298412708304,
                        28.380165478492746
                    ],
                    [
                        -1.1526157331194686,
                        1.568452475058025,
                        27.080059782452178
                    ],
                    [
                        -0.40010252014577696,
                        0.9383727880842317,
                        28.48042710819245
                    ],
                    [
                        -0.010636606974374185,
                        2.477809293739489,
                        27.98133432895803
                    ],
                    [
                        -0.4836203302907598,
                        1.6030947927747774,
                        28.081595957062103
                    ],
                    [
                        -1.1534313387029755,
                        1.589538225033036,
                        27.682764806757994
                    ],
                    [
                        -4.946334467215223,
                        4.868063302186531,
                        22.471209816965537
                    ],
                    [
                        -2.9684808563554843,
                        4.85450673444479,
                        24.075451095474772
                    ],
                    [
                        0.7758815290041832,
                        3.4940241431318713,
                        27.783026431476607
                    ],
                    [
                        0.7864222904839813,
                        3.0723983738042246,
                        28.081595955272284
                    ],
                    [
                        -0.43989025138959814,
                        2.8488493097883167,
                        27.384195281941896
                    ],
                    [
                        -1.2361335432644447,
                        2.233174479748573,
                        26.681228631321833
                    ]
                ],
                "hollow": [
                    [
                        -1.1893832310232844,
                        4.856003003404941,
                        25.009029365127475
                    ],
                    [
                        -0.45825138696480616,
                        3.949014609196326,
                        26.14536463658649
                    ],
                    [
                        0.08281175810590136,
                        1.9691826477683168,
                        28.28064230547088
                    ],
                    [
                        -3.909631940179036,
                        5.300176725617317,
                        23.00595690927008
                    ],
                    [
                        -2.390759883463969,
                        3.9737007328877136,
                        24.743141932655178
                    ]
                ],
                "all": [
                    [
                        -1.069913528557998,
                        0.9248162203424927,
                        28.08159595788835
                    ],
                    [
                        0.3571686460687591,
                        3.4434383898530485,
                        27.484456908256146
                    ],
                    [
                        1.215675934899203,
                        2.7013583577553937,
                        28.678735002288423
                    ],
                    [
                        -1.2353179376809436,
                        2.212088729773561,
                        26.078523607016006
                    ],
                    [
                        -4.100734826604294,
                        3.5446098964106914,
                        24.075451097070413
                    ],
                    [
                        -1.2369491488479578,
                        2.2542602297235868,
                        27.283933655627663
                    ],
                    [
                        0.26970848826643223,
                        0.9519293558259723,
                        28.879258258496545
                    ],
                    [
                        2.164859894564709,
                        1.582009042799764,
                        29.481963361569598
                    ],
                    [
                        2.247562099126182,
                        0.9383727880842294,
                        30.48349953700578
                    ],
                    [
                        -1.5357724118938028,
                        4.188246151126224,
                        25.07698735044756
                    ],
                    [
                        -0.8659614034815895,
                        4.201802718867965,
                        25.475818500751668
                    ],
                    [
                        0.7426922115828201,
                        1.8266438567906822,
                        28.778996630392477
                    ],
                    [
                        -2.6574856206628303,
                        2.4567235437644777,
                        25.375556875838864
                    ],
                    [
                        -0.4390746458061048,
                        2.8277635598133046,
                        26.781490257636065
                    ],
                    [
                        -5.36504735015066,
                        4.817477548907708,
                        22.17264029374508
                    ],
                    [
                        -2.668026382142616,
                        2.878349313092127,
                        25.076987352043215
                    ],
                    [
                        1.2051351734194125,
                        3.12298412708304,
                        28.380165478492746
                    ],
                    [
                        -1.1526157331194686,
                        1.568452475058025,
                        27.080059782452178
                    ],
                    [
                        -0.40010252014577696,
                        0.9383727880842317,
                        28.48042710819245
                    ],
                    [
                        -0.010636606974374185,
                        2.477809293739489,
                        27.98133432895803
                    ],
                    [
                        -0.4836203302907598,
                        1.6030947927747774,
                        28.081595957062103
                    ],
                    [
                        -1.1534313387029755,
                        1.589538225033036,
                        27.682764806757994
                    ],
                    [
                        -4.946334467215223,
                        4.868063302186531,
                        22.471209816965537
                    ],
                    [
                        -2.9684808563554843,
                        4.85450673444479,
                        24.075451095474772
                    ],
                    [
                        0.7758815290041832,
                        3.4940241431318713,
                        27.783026431476607
                    ],
                    [
                        0.7864222904839813,
                        3.0723983738042246,
                        28.081595955272284
                    ],
                    [
                        -0.43989025138959814,
                        2.8488493097883167,
                        27.384195281941896
                    ],
                    [
                        -1.2361335432644447,
                        2.233174479748573,
                        26.681228631321833
                    ],
                    [
                        -1.1893832310232844,
                        4.856003003404941,
                        25.009029365127475
                    ],
                    [
                        -0.45825138696480616,
                        3.949014609196326,
                        26.14536463658649
                    ],
                    [
                        0.08281175810590136,
                        1.9691826477683168,
                        28.28064230547088
                    ],
                    [
                        -3.909631940179036,
                        5.300176725617317,
                        23.00595690927008
                    ],
                    [
                        -2.390759883463969,
                        3.9737007328877136,
                        24.743141932655178
                    ]
                ]
            },
            "Surface Area": 39.23783626726813
        }
    },
    {
        "File": "Slab_2_(1, 1, 0).cif",
        "Slab Analisis": {
            "Is Symmetric": false,
            "Is Polar": false,
            "Slab Normal": [
                -0.534956764278999,
                0.46240811017124633,
                0.7071067811865476
            ],
            "Slab Shift": 0,
            "Slab Scale Factor": [
                [
                    1,
                    0,
                    0
                ],
                [
                    0,
                    1,
                    0
                ],
                [
                    0,
                    0,
                    1
                ]
            ],
            "Slab Center Of Mass": [
                0.40223823628566086,
                0.4142424425281926,
                0.49999999991134697
            ],
            "Slab Layers": [
                0.31,
                0.32,
                0.33,
                0.34,
                0.36,
                0.37,
                0.39,
                0.41,
                0.42,
                0.43,
                0.44,
                0.46,
                0.47,
                0.49,
                0.51,
                0.52,
                0.53,
                0.54,
                0.56,
                0.57,
                0.59,
                0.61,
                0.62,
                0.63,
                0.64,
                0.66,
                0.67,
                0.69
            ],
            "Top Termination Atoms": [
                "P",
                "H",
                "H",
                "H",
                "H",
                "N",
                "O",
                "O"
            ],
            "Bottom Termination Atoms": [
                "H",
                "H",
                "O",
                "O"
            ],
            "Surface Sites": {
                "top": [],
                "bottom": []
            },
            "Adsorption Sites": {
                "ontop": [
                    [
                        -1.069913528557998,
                        0.9248162203424927,
                        28.011386266144424
                    ],
                    [
                        0.3571686460687591,
                        3.4434383898530485,
                        27.41424721651222
                    ],
                    [
                        -4.14432425900241,
                        4.407316913634322,
                        24.572629617955823
                    ],
                    [
                        1.215675934899203,
                        2.7013583577553937,
                        28.60852571115898
                    ],
                    [
                        0.22774485081375628,
                        0.9474405489455235,
                        30.014459016035598
                    ],
                    [
                        -4.100734826604294,
                        3.5446098964106914,
                        24.005241405326487
                    ],
                    [
                        -1.2369491488479578,
                        2.2542602297235868,
                        27.21372396388374
                    ]
                ],
                "bridge": [
                    [
                        -4.989111002140619,
                        5.297172407358117,
                        23.287399456177774
                    ],
                    [
                        -2.9902755725545456,
                        5.285860243056602,
                        24.2889355100455
                    ],
                    [
                        -0.43989025138959814,
                        2.8488493097883167,
                        27.313985590197976
                    ],
                    [
                        -5.386029168876992,
                        4.8152331454674835,
                        22.705135826642636
                    ],
                    [
                        -0.8877588277914392,
                        4.2206440654027535,
                        26.611019057955065
                    ],
                    [
                        0.7864222904839804,
                        3.07239837380422,
                        28.01138646383559
                    ],
                    [
                        -0.01063660697437685,
                        2.4778092937394898,
                        27.911124837521353
                    ],
                    [
                        -2.3414463828686602,
                        5.297172407358117,
                        25.29047188499111
                    ],
                    [
                        -2.6583012262463352,
                        2.477809293739491,
                        25.908052408708027
                    ],
                    [
                        -2.6906367039251875,
                        3.330788571678956,
                        25.893176790919767
                    ],
                    [
                        -1.1534313387029786,
                        1.5895382250330408,
                        27.612555115014075
                    ],
                    [
                        0.07288120317060631,
                        1.8130872890489407,
                        28.309955988651694
                    ],
                    [
                        0.721710392856485,
                        1.8243994533504568,
                        29.311492363597285
                    ],
                    [
                        -0.4210843388721144,
                        0.9361283846440065,
                        29.01292264108999
                    ],
                    [
                        2.1430624702548644,
                        1.6008503893345523,
                        30.617163918773002
                    ],
                    [
                        2.226580280399839,
                        0.9361283846440054,
                        31.01599506990334
                    ],
                    [
                        1.2051351734194102,
                        3.1229841270830425,
                        28.309955987056053
                    ],
                    [
                        0.7758815290041956,
                        3.494024143131869,
                        27.712816739732673
                    ],
                    [
                        -4.122529542803357,
                        3.975963405022507,
                        24.288935511641128
                    ],
                    [
                        -4.111988781323559,
                        3.554337635694858,
                        24.58750523574407
                    ],
                    [
                        0.7540868128051272,
                        3.925377651743685,
                        27.996510846047347
                    ]
                ],
                "hollow": [
                    [
                        -3.938149630129305,
                        5.5862494623983725,
                        23.526680104830252
                    ],
                    [
                        -1.9732806381950945,
                        4.282868348146609,
                        25.931555911288648
                    ],
                    [
                        -0.3637289141689095,
                        1.9601449359404892,
                        27.94454531372904
                    ],
                    [
                        0.12450241905166282,
                        1.5245383756811355,
                        28.878123664446335
                    ],
                    [
                        1.8339336251363125,
                        1.9676863788081662,
                        29.947617849568317
                    ],
                    [
                        2.8371802168318823,
                        1.3755056663371983,
                        31.083952987105683
                    ],
                    [
                        -4.9721275322521254,
                        4.679261068189765,
                        23.327633757080374
                    ]
                ],
                "all": [
                    [
                        -1.069913528557998,
                        0.9248162203424927,
                        28.011386266144424
                    ],
                    [
                        0.3571686460687591,
                        3.4434383898530485,
                        27.41424721651222
                    ],
                    [
                        -4.14432425900241,
                        4.407316913634322,
                        24.572629617955823
                    ],
                    [
                        1.215675934899203,
                        2.7013583577553937,
                        28.60852571115898
                    ],
                    [
                        0.22774485081375628,
                        0.9474405489455235,
                        30.014459016035598
                    ],
                    [
                        -4.100734826604294,
                        3.5446098964106914,
                        24.005241405326487
                    ],
                    [
                        -1.2369491488479578,
                        2.2542602297235868,
                        27.21372396388374
                    ],
                    [
                        -4.989111002140619,
                        5.297172407358117,
                        23.287399456177774
                    ],
                    [
                        -2.9902755725545456,
                        5.285860243056602,
                        24.2889355100455
                    ],
                    [
                        -0.43989025138959814,
                        2.8488493097883167,
                        27.313985590197976
                    ],
                    [
                        -5.386029168876992,
                        4.8152331454674835,
                        22.705135826642636
                    ],
                    [
                        -0.8877588277914392,
                        4.2206440654027535,
                        26.611019057955065
                    ],
                    [
                        0.7864222904839804,
                        3.07239837380422,
                        28.01138646383559
                    ],
                    [
                        -0.01063660697437685,
                        2.4778092937394898,
                        27.911124837521353
                    ],
                    [
                        -2.3414463828686602,
                        5.297172407358117,
                        25.29047188499111
                    ],
                    [
                        -2.6583012262463352,
                        2.477809293739491,
                        25.908052408708027
                    ],
                    [
                        -2.6906367039251875,
                        3.330788571678956,
                        25.893176790919767
                    ],
                    [
                        -1.1534313387029786,
                        1.5895382250330408,
                        27.612555115014075
                    ],
                    [
                        0.07288120317060631,
                        1.8130872890489407,
                        28.309955988651694
                    ],
                    [
                        0.721710392856485,
                        1.8243994533504568,
                        29.311492363597285
                    ],
                    [
                        -0.4210843388721144,
                        0.9361283846440065,
                        29.01292264108999
                    ],
                    [
                        2.1430624702548644,
                        1.6008503893345523,
                        30.617163918773002
                    ],
                    [
                        2.226580280399839,
                        0.9361283846440054,
                        31.01599506990334
                    ],
                    [
                        1.2051351734194102,
                        3.1229841270830425,
                        28.309955987056053
                    ],
                    [
                        0.7758815290041956,
                        3.494024143131869,
                        27.712816739732673
                    ],
                    [
                        -4.122529542803357,
                        3.975963405022507,
                        24.288935511641128
                    ],
                    [
                        -4.111988781323559,
                        3.554337635694858,
                        24.58750523574407
                    ],
                    [
                        0.7540868128051272,
                        3.925377651743685,
                        27.996510846047347
                    ],
                    [
                        -3.938149630129305,
                        5.5862494623983725,
                        23.526680104830252
                    ],
                    [
                        -1.9732806381950945,
                        4.282868348146609,
                        25.931555911288648
                    ],
                    [
                        -0.3637289141689095,
                        1.9601449359404892,
                        27.94454531372904
                    ],
                    [
                        0.12450241905166282,
                        1.5245383756811355,
                        28.878123664446335
                    ],
                    [
                        1.8339336251363125,
                        1.9676863788081662,
                        29.947617849568317
                    ],
                    [
                        2.8371802168318823,
                        1.3755056663371983,
                        31.083952987105683
                    ],
                    [
                        -4.9721275322521254,
                        4.679261068189765,
                        23.327633757080374
                    ]
                ]
            },
            "Surface Area": 39.23783626726813
        }
    },
    {
        "File": "Slab_3_(1, 1, 0).cif",
        "Slab Analisis": {
            "Is Symmetric": true,
            "Is Polar": false,
            "Slab Normal": [
                -0.534956764278999,
                0.46240811017124633,
                0.7071067811865476
            ],
            "Slab Shift": 0,
            "Slab Scale Factor": [
                [
                    1,
                    0,
                    0
                ],
                [
                    0,
                    1,
                    0
                ],
                [
                    0,
                    0,
                    1
                ]
            ],
            "Slab Center Of Mass": [
                0.40223823628566086,
                0.4142424425281926,
                0.5000000000000001
            ],
            "Slab Layers": [
                0.31,
                0.32,
                0.35,
                0.38,
                0.39,
                0.41,
                0.42,
                0.45,
                0.48,
                0.49,
                0.51,
                0.52,
                0.55,
                0.58,
                0.59,
                0.61,
                0.62,
                0.65,
                0.68,
                0.69
            ],
            "Top Termination Atoms": [
                "P",
                "H",
                "H",
                "H",
                "H",
                "N",
                "O",
                "O",
                "O"
            ],
            "Bottom Termination Atoms": [
                "P",
                "H",
                "H",
                "H",
                "H",
                "N",
                "O",
                "O",
                "O"
            ],
            "Surface Sites": {
                "top": [],
                "bottom": []
            },
            "Adsorption Sites": {
                "ontop": [
                    [
                        -4.14432425900241,
                        4.407316913634322,
                        24.015398504184493
                    ],
                    [
                        0.22774485081375628,
                        0.9474405489455235,
                        29.457227501649793
                    ],
                    [
                        -3.0259861250143745,
                        6.007751437742186,
                        24.44376147060361
                    ]
                ],
                "bridge": [
                    [
                        -1.7822773158746417,
                        6.097389669412052,
                        24.947422054122107
                    ],
                    [
                        2.0933307253098645,
                        2.587740499620052,
                        30.23879727702531
                    ],
                    [
                        -4.429941935146596,
                        6.097389669412052,
                        22.944349625308774
                    ],
                    [
                        0.6893749151776323,
                        2.677378731289923,
                        28.73938543173047
                    ],
                    [
                        -1.3991206371003062,
                        3.4775959933438534,
                        26.9504944861267
                    ],
                    [
                        -2.3414463828686554,
                        5.2971724073581195,
                        24.73324057091254
                    ],
                    [
                        -0.5543338939620903,
                        2.5877404996200535,
                        28.235724848211998
                    ],
                    [
                        -4.989111002140616,
                        5.2971724073581195,
                        22.730168142099206
                    ],
                    [
                        -3.5851551920083904,
                        5.207534175688252,
                        24.22957998739405
                    ]
                ],
                "hollow": [
                    [
                        -2.314188511067669,
                        3.787502966774009,
                        25.972129158812642
                    ]
                ],
                "all": [
                    [
                        -4.14432425900241,
                        4.407316913634322,
                        24.015398504184493
                    ],
                    [
                        0.22774485081375628,
                        0.9474405489455235,
                        29.457227501649793
                    ],
                    [
                        -3.0259861250143745,
                        6.007751437742186,
                        24.44376147060361
                    ],
                    [
                        -1.7822773158746417,
                        6.097389669412052,
                        24.947422054122107
                    ],
                    [
                        2.0933307253098645,
                        2.587740499620052,
                        30.23879727702531
                    ],
                    [
                        -4.429941935146596,
                        6.097389669412052,
                        22.944349625308774
                    ],
                    [
                        0.6893749151776323,
                        2.677378731289923,
                        28.73938543173047
                    ],
                    [
                        -1.3991206371003062,
                        3.4775959933438534,
                        26.9504944861267
                    ],
                    [
                        -2.3414463828686554,
                        5.2971724073581195,
                        24.73324057091254
                    ],
                    [
                        -0.5543338939620903,
                        2.5877404996200535,
                        28.235724848211998
                    ],
                    [
                        -4.989111002140616,
                        5.2971724073581195,
                        22.730168142099206
                    ],
                    [
                        -3.5851551920083904,
                        5.207534175688252,
                        24.22957998739405
                    ],
                    [
                        -2.314188511067669,
                        3.787502966774009,
                        25.972129158812642
                    ]
                ]
            },
            "Surface Area": 39.23783626726813
        }
    }
]